donor_smiles,acceptor_smiles,pce,replicate_count,pce_std,pce_min,pce_max,split
CCCCCCCCC(CCCCCC)COc1cnc2c(C)c(F)c(F)c(-c3ccc(C)s3)c2n1,CCCCC(CC)CC1(CC(CC)CCCC)c2cc(/C=C3\C(=O)c4ccccc4C3=C(C#N)C#N)sc2-c2sc(-c3cc(F)c(-c4cc5c(s4)-c4sc(/C=C6\C(=O)c7ccccc7C6=C(C#N)C#N)cc4C5(CC(CC)CCCC)CC(CC)CCCC)cc3F)cc21,3.68,1,0.0,3.68,3.68,train
CCCCCCc1ccc(-c2ccc(CCCCCC)s2)s1,CCCCC(=O)OCC1(c2ccccc2)C2=CC=Cc3cccc4cccc5ccc6ccccc7cccc1c7c6c5c-4c3C2,4.0,3,0.5437217425607818,3.13,4.13,train
CCCCCCc1cc(C)sc1C,CCCCC(=O)OCC1(c2ccccc2)c2cccc3cccc4cccc5cccc6cccc1c6c-5c-4c-3c2,2.68,211,1.5153994323708455,0.3,7.8,train
CCCCCCc1ccsc1,CCN1C(=O)/C(=C\c2cnc(-c3cc4c(s3)-c3cc5c(cc3C4(CC)CC)-c3sc(-c4ncc(/C=C6/SC(=S)N(CC)C6=O)s4)cc3C5(CC)CC)s2)SC1=S,3.53,1,0.0,3.53,3.53,train
CCOc1c2cc(-c3ccc(-c4ccc(-c5ccc(-c6cc7c(OCC)c8sc(-c9ccc(-c%10ccc(-c%11ccc(-c%12cc%13c(OCC)c%14sc(-c%15ccc(-c%16ccc(-c%17cccs%17)c%17nsnc%16%17)s%15)cc%14c(OCC)c%13s%12)s%11)c%11nsnc%10%11)s9)cc8c(OCC)c7s6)s5)c5nsnc45)s3)sc2c(OCC)c2ccsc12,CCc1cc(/C=C2\C(=O)N(CC)C(=O)C(C#N)=C2C)sc1-c1cc(CC)c(-c2cc3c(s2)c2sc(-c4sc(-c5sc(/C=C6/C(=O)N(CC)C(=O)[C@H](C#N)[C@H]6C)cc5CC)cc4CC)cc2n3CC)s1,4.89,1,0.0,4.89,4.89,train
C=Cc1cc(OCC(CC)CCCC)c(C=C)cc1OC,CCCCC(=O)OCC1(c2ccccc2)c2cccc3cccc4cccc5cccc6cccc1c6c-5c-4c-3c2,1.7,8,0.5473708588725356,1.0,2.6,train
CCCCCCc1cc(C)sc1C,CCCCC1(CCCC)c2ccccc2-c2ccc(N3C(=O)c4cccc5c(C#Cc6ccc(-c7ccc(-c8ccc(C#Cc9ccc%10c%11c(cccc9%11)C(=O)N(c9ccc%11c(c9)C(CCCC)(CCCC)c9ccccc9-%11)C%10=O)s8)c8nsnc78)s6)ccc(c45)C3=O)cc21,1.16,1,0.0,1.16,1.16,train
CCCCCCCCC1(CCCCCCCC)c2ccccc2-c2ccc(-c3ccc(-c4ccc(-c5cccs5)c5nc(-c6ccc(F)cc6)c(-c6ccc(F)cc6)nc45)s3)cc21,CCCCC(=O)OCC1(c2ccccc2)C2=CC=Cc3cccc4cccc5ccc6ccccc7cccc1c7c6c5c-4c3C2,2.7,1,0.0,2.7,2.7,train
CCCCCCCCc1ccc(N2C(=O)c3csc(-c4cc5c(-c6ccc(CC(CC)CCCC)s6)c6sccc6c(-c6ccc(CC(CC)CCCC)s6)c5s4)c3C2=O)cc1,CCCCCCCCC(CCCCCC)CN1C(=O)c2ccc3c4c(c(-c5cccs5)cc(c24)C1=O)C(=O)N(CC(CCCCCC)CCCCCCCC)C3=O,5.68,11,1.0953197955599334,3.71,7.1,train
CCCCCCCCC(CCCCCC)COc1cnc2c(C)c(F)c(F)c(-c3ccc(C)s3)c2n1,COCCOCCOCC(COCCOCCOC)CN1C(=O)c2ccc3c4c(c(-c5cccs5)cc(c24)C1=O)C(=O)N(CC(COCCOCCOC)COCCOCCOC)C3=O,2.25,1,0.0,2.25,2.25,train
CCCCCCCCCCC(CCCCCCCC)Cc1csc(-c2c(F)c(F)c(-c3cc(CC(CCCCCCCC)CCCCCCCCCC)c(-c4ccc(-c5cccs5)s4)s3)c3nsnc23)c1,CCCCC(=O)OCC1(c2ccccc2)c2cccc3cccc4cccc5cccc6cccc1c6c-5c-4c-3c2,10.75,2,0.2121320343559647,10.6,10.9,train
c1ccc(-c2c3ccccc3c(-c3ccccc3)c3c(-c4ccccc4)c4ccccc4c(-c4ccccc4)c23)cc1,CCCCC(=O)OCC1(c2ccccc2)c2cccc3cccc4cccc5cccc6cccc1c6c-5c-4c-3c2,0.28,4,0.1024695076595959,0.11,0.35,train
CCCCC(CC)COC(=O)c1sc2c(-c3cc4c(OCC(CC)CCCC)c5sccc5c(OCC(CC)CCCC)c4s3)scc2c1F,CCCCC(CC)CN1C(=O)c2ccc3c4c(c(/C=C/c5cc6c7c(ccc8c7c5C(=O)N(CC(CC)CCCC)C8=O)C(=O)N(CC(CC)CCCC)C6=O)cc(c24)C1=O)C(=O)N(CC(CC)CCCC)C3=O,2.41,1,0.0,2.41,2.41,train
CCCCCCCCC(CCCCCC)CN1C(=O)C2=C(c3ccc(-c4ccccc4)s3)N(CC(CCCCCC)CCCCCCCC)C(=O)C2=C1c1cccs1,CCCCCCCCCCC(CCCCCCCC)CN1C(=O)c2ccc3c4c(c(-c5ccc(-c6cccs6)s5)cc(c24)C1=O)C(=O)N(CC(CCCCCCCC)CCCCCCCCCC)C3=O,0.45,1,0.0,0.45,0.45,train
CCCCCCc1ccsc1,CCCCC(CC)CN1C(=O)c2cccc3c(-c4ccc5c6c(cccc46)C(=O)N(CC(CC)CCCC)C5=O)ccc(c23)C1=O,0.11,6,0.1768615277554731,0.02,0.47,train
CCCCCCc1ccsc1,CCc1cc(-c2c(F)c3c4nsnc4c(-c4cc(CC)c(-c5ccc6c7c(cccc57)-c5cc7c(cc5-6)C(=O)N(CC)C7=O)s4)c(F)c3c3nsnc23)sc1-c1ccc2c3c(cccc13)-c1cc3c(cc1-2)C(=O)N(CC)C3=O,2.585,2,0.7566042558696061,2.05,3.12,train
CCCCCCCC(CCCC)c1ccc(-c2c3cc(-c4cccc5nsnc45)sc3c(-c3ccc(C(CCCC)CCCCCCC)s3)c3ccsc23)s1,CCCCC(=O)OCC1(c2ccccc2)C2=CC=Cc3cccc4cccc5ccc6ccccc7cccc1c7c6c5c-4c3C2,6.48,1,0.0,6.48,6.48,train
CCCCCCc1ccc2c(c1)C(=O)c1csc(-c3cc4c(s3)-c3sccc3[Si]4(CC(CC)CCCC)CC(CC)CCCC)c1C2=O,CCCCC(=O)OCC1(c2ccccc2)C2=CC=Cc3cccc4cccc5ccc6ccccc7cccc1c7c6c5c-4c3C2,5.13,3,1.074616210560775,3.31,5.21,train
CCCCCCCCN1C(=O)c2csc(-c3cc4c(-c5ccc(CC(CC)CCCC)s5)c5sccc5c(-c5ccc(CC(CC)CCCC)s5)c4s3)c2C1=O,CCCCCCCCC(CCCCCC)CN1C(=O)c2ccc3c4c(c(-c5cccs5)cc(c24)C1=O)C(=O)N(CC(CCCCCC)CCCCCCCC)C3=O,7.145,2,0.7141778489984132,6.64,7.65,train
CCCCCCCCOC(=O)c1sc2c(-c3cc4c(CCC(CCCC)CCCCCC)c5sccc5c(CCC(CCCC)CCCCCC)c4s3)scc2c1F,CCCCC(=O)OCC1(c2ccccc2)c2cccc3cccc4cccc5cccc6cccc1c6c-5c-4c-3c2,0.18,1,0.0,0.18,0.18,train
CCCCCCc1ccsc1,CCCCCCCCC(CCCCCC)CN1C(=O)c2ccc3c4c(c(-c5ccc(N(c6ccccc6)c6ccccc6)cc5)cc(c24)C1=O)C(=O)N(CC(CCCCCC)CCCCCCCC)C3=O,0.48,1,0.0,0.48,0.48,train
CCCCCCCCCCc1c(C)sc(C)c1Br,CCCCC(=O)OCC1(c2ccccc2)c2cccc3cccc4cccc5cccc6cccc1c6c-5c-4c-3c2,1.17,1,0.0,1.17,1.17,train
CCCCC(CC)Cc1ccc(-c2c3cc(-c4ccc(-c5sc(-c6cccs6)c6c5C(=O)c5c(CC(CC)CCCC)sc(CC(CC)CCCC)c5C6=O)s4)sc3c(-c3ccc(CC(CC)CCCC)s3)c3ccsc23)s1,CCc1c(/C=C2\C(=O)c3cc4cc(Br)sc4cc3C2=C(C#N)C#N)sc2c1sc1c3c4nsnc4c4c5sc6c(CC)c(/C=C7\C(=O)c8cc9cc(Br)sc9cc8C7=C(C#N)C#N)sc6c5n(CC)c4c3n(CC)c21,15.22,3,0.0,15.22,15.22,train
CCCCCCN(CCCC)C(=O)c1ccsc1-c1cc(C(=O)N(CCCC)CCCC)c(-c2ccc(-c3cccs3)s2)s1,CCCCC(=O)OCC1(c2ccccc2)c2cccc3cccc4cccc5cccc6cccc1c6c-5c-4c-3c2,1.31,1,0.0,1.31,1.31,train
CCCCCCCC[Si]1(CCCCCCCC)c2ccsc2-c2sc(-c3ccc(-c4ccc(-c5cccs5)c5c4C(=O)N(CC(CC)CCCC)C5=O)s3)cc21,CCCCC(=O)OCC1(c2ccccc2)C2=CC=Cc3cccc4cccc5ccc6ccccc7cccc1c7c6c5c-4c3C2,1.92,3,0.4196824196143237,1.3,2.1,train
CCCCC(CC)Cc1sc(-c2c3cc(-c4ccc(-c5sc(-c6ccc(C)s6)c6c5C(=O)c5c(CC(CC)CCCC)sc(CC(CC)CCCC)c5C6=O)s4)sc3c(-c3cc(F)c(CC(CC)CCCC)s3)c3cc(C)sc23)cc1F,CCCCCC(CCCCC)N1C(=O)c2cc3c(cc2C1=O)C1=[N+]2C3=Nc3c4cc5c(cc4c4n3[B-]2(F)n2c(c3cc6c(cc3c2=N4)C(=O)N(C(CCCCC)CCCCC)C6=O)=N1)C(=O)N(C(CCCCC)CCCCC)C5=O,3.37,1,0.0,3.37,3.37,train
CCCCCCC(CCCC)CCc1c2cc(-c3ccc(-c4c(F)c(F)c(-c5cccs5)c5nn(CC(CCCC)CCCCCC)nc45)s3)sc2c(CCC(CCCC)CCCCCC)c2ccsc12,CCc1ccc(C2(c3ccc(CC)cc3)Oc3c(sc4c5c(sc34)-c3sc(/C=C4\C(=O)c6cc(F)c(F)cc6C4=C(C#N)C#N)cc3C(c3ccc(CC)cc3)(c3ccc(CC)cc3)O5)-c3sc(/C=C4\C(=O)c5cc(F)c(F)cc5C4=C(C#N)C#N)cc32)cc1,8.25,1,0.0,8.25,8.25,train
CCCCCCc1cc(C)sc1C,CCC[Si]1(CCC)c2cc(-c3ccc(F)cc3)sc2-c2sc(-c3ccc(C=C(C#N)C#N)c4nsnc34)cc21,1.5,1,0.0,1.5,1.5,train
CCCCC(CC)COC(=O)c1sc2c(-c3cc4c(OCC(CC)CCCC)c5sccc5c(OCC(CC)CCCC)c4s3)scc2c1F,CCCCCCCCCCC(CCCCCCCC)CN1C(=O)c2ccc3c4c(c(-c5ccc(-c6cccs6)s5)cc(c24)C1=O)C(=O)N(C(CCCCCCCC)CCCCCCCCCC)C3=O,2.22,4,2.6271974928936475,1.35,7.07,train
CCCCCCCC(CCCCCC)CCOc1c2cc(-c3cccc4nsnc34)sc2c(OCCC(CCCCCC)CCCCCCC)c2ccsc12,CCCCC(=O)OCC1(c2ccccc2)C2=CC=Cc3cccc4cccc5ccc6ccccc7cccc1c7c6c5c-4c3C2,3.81,15,0.9044956500461352,1.5,5.06,train
CCCCCCCCN1C(=O)/C(=C2/C(=O)N(CCCCCCCC)c3cc(-c4cc5c(s4)-c4sccc4C5(CCCCCCCC)CCCCCCCC)ccc32)c2ccccc21,CCCCC(=O)OCC1(c2ccccc2)c2cccc3cccc4cccc5cccc6cccc1c6c-5c-4c-3c2,3.3,1,0.0,3.3,3.3,train
CCCCCCc1cc(C)sc1C,CCCCCCC(CCCC)CCN1C(=O)c2cccc3c(-c4ccc(-c5ccc6c(c5)C(=C(C#N)C#N)c5cc(-c7ccc(-c8ccc9c%10c(cccc8%10)C(=O)N(CCC(CCCC)CCCCCC)C9=O)s7)ccc5-6)s4)ccc(c23)C1=O,0.6,1,0.0,0.6,0.6,train
CCCCC(CC)COC(=O)c1sc2c(-c3cc4c(OCC(CC)CCCC)c5sccc5c(OCC(CC)CCCC)c4s3)scc2c1F,CCCCCCN1C(=O)c2ccc3c4c(c(-c5cc6c(s5)-c5sccc5C6(CC(CC)CCCC)CC(CC)CCCC)cc(c24)C1=O)C(=O)N(CCCCCC)C3=O,0.87,4,0.1524248448689824,0.76,1.12,train
CCCCCCc1ccsc1,CCc1c(/C=C2\C(=O)c3cc(F)c(F)cc3C2=C(C#N)C#N)sc2c1sc1c3c4nn(CC)nc4c4c5sc6c(CC)c(/C=C7\C(=O)c8cc(F)c(F)cc8C7=C(C#N)C#N)sc6c5n(CC)c4c3n(CC)c21,2.66,1,0.0,2.66,2.66,train
CCCCC(CC)COC(=O)c1sc2c(-c3cc4c(-c5ccc(CC(CC)CCCC)s5)c5sc(C)cc5c(-c5ccc(CC(CC)CCCC)s5)c4s3)sc(C)c2c1F,CCCCCCCCN1C(=O)/C(=C/c2ccc(-c3ccc(/C=C4\SC(=S)N(CCCCCCCC)C4=O)s3)s2)SC1=S,9.36,2,0.0424264068711938,9.33,9.39,train
CCCCC(CC)Cc1ccc(-c2c3cc(-c4ccc(-c5sc(-c6ccc(C)s6)c6c5C(=O)c5c(CC(CC)CCCC)sc(CC(CC)CCCC)c5C6=O)s4)sc3c(-c3ccc(CC(CC)CCCC)s3)c3cc(C)sc23)s1,CCCCC(CC)CC1(CC(CC)CCCC)c2cc(/C=C3\C(=O)c4cc(Cl)c(Cl)cc4C3=C(C#N)C#N)sc2-c2sc(-c3cc(F)c(-c4cc5c(s4)-c4sc(/C=C6\C(=O)c7cc(Cl)c(Cl)cc7C6=C(C#N)C#N)cc4C5(CC(CC)CCCC)CC(CC)CCCC)cc3F)cc21,9.03,1,0.0,9.03,9.03,train
CCCCCCCCC1(CCCCCCCC)c2ccccc2-c2ccc(-c3ccc(-c4sc(-c5cccs5)c5c4C(=O)N(CC(CC)CCCC)C5=O)s3)cc21,CCCCC(=O)OCC1(c2ccccc2)C2=CC=Cc3cccc4cccc5ccc6ccccc7cccc1c7c6c5c-4c3C2,0.515,4,0.365,0.22,1.06,train
CCCCCCc1cc(-c2c3cc(-c4c(F)c(F)cc5nsnc45)sc3c(-c3cc(CCCCCC)c(CCCCCC)s3)c3ccsc23)sc1CCCCCC,CCCCC(=O)OCC1(c2ccccc2)c2cccc3cccc4cccc5cccc6cccc1c6c-5c-4c-3c2,5.1,1,0.0,5.1,5.1,train
CCCCCCCCCCc1c(C)sc(C)c1C#Cc1ccc(C=O)s1,CCCCC(=O)OCC1(c2ccccc2)c2cccc3cccc4cccc5cccc6cccc1c6c-5c-4c-3c2,1.17,1,0.0,1.17,1.17,train
CCCCCCc1cc(C)sc1C,CCCCCC[Si]1(CCCCCC)c2ccsc2-c2sc(-c3ccc(C=C(C#N)C#N)c4nsnc34)cc21,0.05,1,0.0,0.05,0.05,train
CCCCC(CC)COC(=O)c1ccsc1-c1ccc(-c2cccs2)s1,CCCCC(=O)OCC1(c2ccccc2)C2=CC=Cc3cccc4cccc5ccc6ccccc7cccc1c7c6c5c-4c3C2,2.14,1,0.0,2.14,2.14,train
CCCCC(CC)Cc1ccc(-c2c3cc(-c4ccc(-c5sc(-c6cccs6)c6c5C(=O)c5c(CC(CC)CCCC)sc(CC(CC)CCCC)c5C6=O)s4)sc3c(-c3ccc(CC(CC)CCCC)s3)c3ccsc23)s1,CCCCCCCCCCCc1c(/C=C2\C(=O)c3c(ccc(C)c3F)C2=C(C#N)C#N)sc2c1sc1c3c4nsnc4c4c5sc6c(CCCCCCCCCCC)c(/C=C7\C(=O)c8c(ccc(-c9ccc(C)s9)c8F)C7=C(C#N)C#N)sc6c5n(C)c4c3n(C)c21,12.54,10,2.68361364995452,9.19,16.13,train
CCCCCCC(CCCC)CCc1c2cc(-c3ccc(-c4c(F)c(F)c(-c5cccs5)c5nn(CC(CCCC)CCCCCC)nc45)s3)sc2c(CCC(CCCC)CCCCCC)c2ccsc12,CCC1(CC)c2cc3c(cc2-c2sc(/C=C/C4=C(C#N)C(=C(C#N)C#N)OC4(C)C)cc21)C(CC)(CC)c1cc(/C=C/C2=C(C#N)C(=C(C#N)C#N)OC2(C)C)sc1-3,0.59,1,0.0,0.59,0.59,train
CCCCCCCCOC(=O)/C(C#N)=C\c1ccc(/C=C/c2csc(-c3ccc4c5ccccc5n(C(CCCCCCCC)CCCCCCCC)c4c3)c2)s1,CCCCC(=O)OCC1(c2ccccc2)c2cccc3cccc4cccc5cccc6cccc1c6c-5c-4c-3c2,0.905,4,0.199562020434751,0.56,1.02,train
CCCCC(CC)Cc1ccc(-c2c3cc(-c4scc5c4C(=O)N(CC(CC)CCCC)C5=O)sc3c(-c3ccc(CC(CC)CCCC)s3)c3ccsc23)s1,CCCCC(=O)OCC1(c2ccccc2)C2=CC=Cc3cccc4cccc5ccc6ccccc7cccc1c7c6c5c-4c3C2,7.1,1,0.0,7.1,7.1,train
CCCCC(CC)COc1c2cc(-c3cc(/C=C/c4ccc(/C=C5\SC(=S)N(CC)C5=O)s4)cs3)sc2c(OCC(CC)CCCC)c2ccsc12,CCCCC(=O)OCC1(c2ccccc2)C2=CC=Cc3cccc4cccc5ccc6ccccc7cccc1c7c6c5c-4c3C2,2.36,5,0.9081739921402728,2.04,4.25,train
CCCCC(CC)Cc1ccc(-c2c3cc(-c4ccc(-c5sc(-c6cccs6)c6c5C(=O)c5c(CC(CC)CCCC)sc(CC(CC)CCCC)c5C6=O)s4)sc3c(-c3ccc(CC(CC)CCCC)s3)c3ccsc23)s1,CCCCC(CC)CC1(CC(CC)CCCC)c2cc(/C=C3\C(=O)c4ccccc4C3=C(C#N)C#N)sc2-c2sc(-c3cc(F)c(-c4cc5c(s4)-c4sc(/C=C6\C(=O)c7ccccc7C6=C(C#N)C#N)cc4C5(CC(CC)CCCC)CC(CC)CCCC)cc3F)cc21,10.14,3,0.0,10.14,10.14,train
CCCCC(CC)Cc1ccc(-c2c3cc(-c4ccc(-c5sc(-c6cccs6)c6c5C(=O)c5c(CC(CC)CCCC)sc(CC(CC)CCCC)c5C6=O)s4)sc3c(-c3ccc(CC(CC)CCCC)s3)c3ccsc23)s1,CCCCCCC1(CCCCCC)c2cc(/C=C3\C(=O)c4cc(Cl)c(Cl)cc4C3=C(C#N)C#N)sc2-c2sc(-c3cc4c(s3)-c3sc(/C=C5\C(=O)c6cc(Cl)c(Cl)cc6C5=C(C#N)C#N)cc3C4(CCCCCC)CCCCCC)cc21,9.28,2,0.0,9.28,9.28,train
CCCCCCc1ccsc1,CCN1C(=O)/C(=C/c2ccc(-c3ccc4c(c3)C(CC)(CC)c3cc(-c5ccc(/C=C6\SC(=S)N(CC)C6=O)s5)ccc3-4)s2)SC1=S,3.08,1,0.0,3.08,3.08,train
CCCCC(CC)Cc1ccc(-c2c3cc(-c4ccc(-c5sc(-c6cccs6)c6c5C(=O)c5c(CC(CC)CCCC)sc(CC(CC)CCCC)c5C6=O)s4)sc3c(-c3ccc(CC(CC)CCCC)s3)c3ccsc23)s1,CCCCCCCCCCC(CCCCCCCC)Cc1cc(-c2cc(C(C)C)c3ccc4c(-c5cc(CC(CCCCCCCC)CCCCCCCCCC)c(/C=C6\C(=O)c7cc(F)c(F)cc7C6=C(C#N)C#N)s5)cc(C(C)C)c5ccc2c3c45)sc1/C=C1\C(=O)c2cc(F)c(F)cc2C1=C(C#N)C#N,9.73,1,0.0,9.73,9.73,train
N=Cc1ccc(N(c2ccccc2)c2ccc(/C=N/c3ccc(-c4ccc(-c5ccccc5)cc4)cc3)cc2)cc1,CCCCC(=O)OCC1(c2ccccc2)c2cccc3cccc4cccc5cccc6cccc1c6c-5c-4c-3c2,0.05,1,0.0,0.05,0.05,train
CCCCCCc1ccsc1,CCCCCCCCc1csc(-c2ccc(-c3ccc(-c4cc(CCCCCCCC)cs4)c4nsnc34)c3nsnc23)c1,0.245,2,0.0353553390593274,0.22,0.27,train
CCCCCCc1cc(C)sc1C,CCCCCCCCCCC(CCCCCCCC)CN1C(=O)c2ccc3c4c(c(-c5ccc(-c6cccs6)s5)cc(c24)C1=O)C(=O)N(CC(CCCCCCCC)CCCCCCCCCC)C3=O,9.8395,2,2.820648950153138,7.845,11.834,train
CCCCC(CC)COc1c2cc(-c3scc(F)c3F)sc2c(OCC(CC)CCCC)c2ccsc12,CCCCC(=O)OCC1(c2ccccc2)C2=CC=Cc3cccc4cccc5ccc6ccccc7cccc1c7c6c5c-4c3C2,6.050000000000001,4,0.8755950357709136,5.3,7.0,train
CCCCCCCCC1(CCCCCCCC)c2ccccc2-c2ccc(-c3ccc(-c4ccc(-c5cccs5)c5nc(-c6ccccc6)c(-c6ccccc6)nc45)s3)cc21,CCCCC(=O)OCC1(c2ccccc2)C2=CC=Cc3cccc4cccc5ccc6ccccc7cccc1c7c6c5c-4c3C2,3.595,2,1.7889801564019654,2.33,4.86,train
CCCCCCCCN1C(=O)c2c(c(-c3ccc(-c4cc5c(OCC(CC)CCCC)c6sccc6c(OCC(CC)CCCC)c5s4)s3)n(CCCCCCCC)c2-c2cccs2)C1=O,CCCCC(=O)OCC1(c2ccccc2)C2=CC=Cc3cccc4cccc5ccc6ccccc7cccc1c7c6c5c-4c3C2,3.39,2,2.6870057685088806,1.49,5.29,train
CCCCCCCCSc1csc(-c2cc(SCCCCCCCC)c(-c3scc4cc(C(=O)CCCCCCCC)sc34)s2)c1,CCCCC(=O)OCC1(c2ccccc2)C2=CC=Cc3cccc4cccc5ccc6ccccc7cccc1c7c6c5c-4c3C2,1.09,3,0.17925772879665,0.79,1.11,train
CCCCCCCCC1(CCCCCCCC)c2ccccc2-c2ccc(-c3ccc(-c4ccc(-c5cccs5)c5nc(-c6ccc(OC)cc6)c(-c6ccc(OC)cc6)nc45)s3)cc21,CCCCC(=O)OCC1(c2ccccc2)C2=CC=Cc3cccc4cccc5ccc6ccccc7cccc1c7c6c5c-4c3C2,4.2,1,0.0,4.2,4.2,train
CCCCCCc1ccsc1,CCCCC(CC)CN1C(=O)c2ccc3c4ccc5c6c(cc(-c7ccccc7C(C)C)c(c7ccc(c2c37)C1=O)c64)C(=O)N(CC(CC)CCCC)C5=O,0.72,1,0.0,0.72,0.72,train
CCCCCCCCc1cc(-c2c3cc(-c4c(F)c(F)cc5nsnc45)sc3c(-c3cc(CCCCCCCC)c(CCCCCCCC)s3)c3ccsc23)sc1CCCCCCCC,CCCCC(=O)OCC1(c2ccccc2)c2cccc3cccc4cccc5cccc6cccc1c6c-5c-4c-3c2,2.3,1,0.0,2.3,2.3,train
CCCCCCc1cc(C)sc1C,CCCCCCC1(CCCCCC)c2cc(N3C(=O)c4cccc5c(C#Cc6sc(-c7cc8c(cc(-c9sc(C#Cc%10ccc%11c%12c(cccc%10%12)C(=O)N(c%10ccc%12c(c%10)C(CCCCCC)(CCCCCC)C%10C=CC=CC%12%10)C%11=O)c(F)c9F)c9nsnc98)c8nsnc78)c(F)c6F)ccc(c45)C3=O)ccc2C2C=CC=CC21,0.26,1,0.0,0.26,0.26,train
CCCCCCCCC(CCCCCC)COC(=O)c1csc(-c2cc(C(=O)OCC(CCCCCC)CCCCCCCC)c(-c3ccc(-c4cccs4)s3)s2)c1,CCCCCCCCCCC(CCCCCCCC)CN1C(=O)c2ccc3c4c(c(-c5ccc(-c6cccs6)s5)cc(c24)C1=O)C(=O)N(CC(CCCCCCCC)CCCCCCCCCC)C3=O,1.45,1,0.0,1.45,1.45,train
CCCCC(CC)Cc1ccc(-c2c3cc(-c4ccc(-c5sc(-c6ccc(C)s6)c6c5C(=O)c5c(CC(CC)CCCC)sc(CC(CC)CCCC)c5C6=O)s4)sc3c(-c3ccc(CC(CC)CCCC)s3)c3cc(C)sc23)s1,CCCCC(CC)CC1(CC(CC)CCCC)c2cc(/C=C3\C(=O)c4cc(F)c(F)cc4C3=C(C#N)C#N)sc2-c2sc(-c3cc(F)c(-c4cc5c(s4)-c4sc(/C=C6\C(=O)c7cc(F)c(F)cc7C6=C(C#N)C#N)cc4C5(CC(CC)CCCC)CC(CC)CCCC)cc3F)cc21,8.82,1,0.0,8.82,8.82,train
CCCCC(CC)Cc1ccc(-c2c3cc(-c4ccc(-c5sc(-c6cccs6)c6c5C(=O)c5c(CC(CC)CCCC)sc(CC(CC)CCCC)c5C6=O)s4)sc3c(-c3ccc(CC(CC)CCCC)s3)c3ccsc23)s1,CCCCCCCCc1c(/C=C2\C(=O)c3cc(Cl)c(Cl)cc3C2=C(C#N)C#N)sc2c1sc1c3c4nn(CC)nc4c4c5sc6c(CCCCCCCC)c(/C=C7\C(=O)c8cc9c(cc8C7=C(C#N)C#N)C7C8C=CC(C8)C97)sc6c5n(CC)c4c3n(CC)c21,16.82,1,0.0,16.82,16.82,train
CCCCC(CC)Cc1ccc(-c2c3cc(-c4ccc(-c5sc(-c6ccc(C)s6)c6c5C(=O)c5c(CC(CC)CCCC)sc(CC(CC)CCCC)c5C6=O)s4)sc3c(-c3ccc(CC(CC)CCCC)s3)c3cc(C)sc23)s1,CCCCC(=O)OCC1(c2ccccc2)C2=CC=Cc3cccc4cccc5ccc6ccccc7cccc1c7c6c5c-4c3C2,8.3,5,2.035160927297889,7.5,12.52,train
c1ccc2cc3cc4cc5ccccc5cc4cc3cc2c1,CCCCC(=O)OCC1(c2ccccc2)c2cccc3cccc4cccc5cccc6cccc1c6c-5c-4c-3c2,0.2,1,0.0,0.2,0.2,train
CCCCCCc1ccsc1,CCCCCCCCC(CCCCCC)CN1C(=O)c2cccc3c(-c4ccc(-c5ccc6c(c5)C(=O)c5cc(-c7ccc(-c8ccc9c%10c(cccc8%10)C(=O)N(CC(CCCCCC)CCCCCCCC)C9=O)s7)ccc5-6)s4)ccc(c23)C1=O,2.8,1,0.0,2.8,2.8,train
CCCCC(CC)Cc1ccc(-c2c3cc(-c4ccc(-c5sc(-c6cccs6)c6c5C(=O)c5c(CC(CC)CCCC)sc(CC(CC)CCCC)c5C6=O)s4)sc3c(-c3ccc(CC(CC)CCCC)s3)c3ccsc23)s1,CCCCC(CC)CC1(CC(CC)CCCC)c2cc(/C=C3\C(=O)c4cc(F)c(F)cc4C3=C(C#N)C#N)sc2-c2sc(-c3cc4c(s3)-c3sc(/C=C5\C(=O)c6cc(F)c(F)cc6C5=C(C#N)C#N)cc3C4(CC(CC)CCCC)CC(CC)CCCC)cc21,4.324999999999999,2,0.2050609665440991,4.18,4.47,train
CCCCC(CC)Cc1ccc(-c2c3cc(-c4cccs4)sc3c(-c3ccc(CC(CC)CCCC)s3)c3ccsc23)s1,CCCCCCCCCCC(CCCCCCCC)CN1C(=O)c2ccc3c4c(c(-c5ccc(-c6cccs6)s5)cc(c24)C1=O)C(=O)N(CC(CCCCCCCC)CCCCCCCCCC)C3=O,3.09,1,0.0,3.09,3.09,train
CCCCCCc1ccsc1,CCCCCCCCC1(CCCCCCCC)c2ccccc2-c2ccc(-c3cc4c5c(ccc6c5c3C(=O)N(CCCCCC)C6=O)C(=O)N(CCCCCC)C4=O)cc21,0.76,1,0.0,0.76,0.76,train
CCCCC(CC)Cc1sc(-c2c3cc(-c4cccc5nsnc45)sc3c(-c3cc(Cl)c(CC(CC)CCCC)s3)c3ccsc23)cc1Cl,CCCCC(=O)OCC1(c2ccccc2)c2cccc3cccc4cccc5cccc6cccc1c6c-5c-4c-3c2,7.1,1,0.0,7.1,7.1,train
CCCCCCCCC(CCCCCC)COc1cnc2c(C)c(F)c(F)c(-c3ccc(C)s3)c2n1,CC(C)c1cccc(C(C)C)c1N1C(=O)c2cc3cc4c(cc3cc2C1=O)/C1=N/c2c3cc5cc6c(cc5cc3c3n2B(Cl)n2c(c5cc7cc8c(cc7cc5/c2=N/C4=N1)C(=O)N(c1c(C(C)C)cccc1C(C)C)C8=O)=N3)C(=O)N(c1c(C(C)C)cccc1C(C)C)C6=O,3.88,1,0.0,3.88,3.88,train
CCCCC(CC)COC(=O)c1sc2c(-c3cc4c(OCC(CC)CCCC)c5sccc5c(OCC(CC)CCCC)c4s3)scc2c1F,CCCCC(CC)CN1C(=O)C2=C(c3ccc(-c4ccc(-c5ccc(-c6ccc(-c7ccc(C8=C9C(=O)N(CC(CC)CCCC)C(c%10cccs%10)=C9C(=O)N8CC(CC)CCCC)s7)s6)c6nsnc56)s4)s3)N(CC(CC)CCCC)C(=O)C2=C1c1cccs1,3.03,1,0.0,3.03,3.03,train
CCCCC(CC)Cc1ccc(-c2c3cc(-c4ccc(-c5sc(-c6ccc(C)s6)c6c5C(=O)c5c(CC(CC)CCCC)sc(CC(CC)CCCC)c5C6=O)s4)sc3c(-c3ccc(CC(CC)CCCC)s3)c3cc(C)sc23)s1,CCN1C(=O)C(=Cc2cc3c(s2)-c2cc4c(cc2C3(CC)CC)-c2sc(C=C3C(=O)N(CC)C(=S)N(CC)C3=O)cc2C4(CC)CC)C(=O)N(CC)C1=S,7.1,1,0.0,7.1,7.1,train
CCCCCCCCCCCCc1csc(-c2ccc(-c3cc(CCCCCCCCCCCC)c(-c4cccs4)s3)c3nc4c(nc23)-c2cccc3cccc-4c23)c1,CCCCC(=O)OCC1(c2ccccc2)c2cccc3cccc4cccc5cccc6cccc1c6c-5c-4c-3c2,0.02,2,0.0141421356237309,0.01,0.03,train
CCCCCCCCC(CCCCCC)CN1C(=O)C2=C(c3ccc(-c4cccs4)cn3)N(CC(CCCCCC)CCCCCCCC)C(=O)C2=C1c1ccccn1,CCCCC(=O)OCC1(c2ccccc2)C2=CC=Cc3cccc4cccc5ccc6ccccc7cccc1c7c6c5c-4c3C2,3.27,2,1.2303657992645924,2.4,4.14,train
CCCCCCCCCCC(CCCCCCCC)Cc1csc(-c2c(F)c(F)c(-c3cc(CC(CCCCCCCC)CCCCCCCCCC)c(-c4ccc(-c5cccs5)s4)s3)c3nsnc23)c1,CCCCCCC(CC(F)(F)C(F)(F)C(F)(F)C(F)(F)F)N1C(=O)c2ccc3c4ccc5c6c(cc(-c7ccc(-c8cccs8)s7)c(c7ccc(c2c37)C1=O)c64)C(=O)N(C(CCCCCC)CC(F)(F)C(F)(F)C(F)(F)C(F)(F)F)C5=O,1.71,3,0.9930424630061564,1.71,3.43,train
CCCCC(CC)COC(=O)c1sc2c(-c3cc4c(-c5ccc(CC(CC)CCCC)s5)c5sc(C)cc5c(-c5ccc(CC(CC)CCCC)s5)c4s3)sc(C)c2c1F,CCCCC(CC)Cn1c(=O)c2ccc3c4nc5c(-c6cccs6)c6c(=O)n(CC(CC)CCCC)c(=O)c6c(-c6cccs6)c5nc4c4ccc(c1=O)c2c34,0.77,1,0.0,0.77,0.77,train
CCCCC(CC)c1cc(F)c2sc3c(c2c1)C(=O)c1cc(-c2cc(COC(=O)CCCC(C)CC)c(C(=O)OCCCC(C)CC)s2)sc1C3=O,CCCCCCCCCCC(CCCCCCCC)CN1C(=O)c2ccc3c4c(c(-c5ccc(-c6cccs6)s5)cc(c24)C1=O)C(=O)N(C(CCCCCCCC)CCCCCCCCCC)C3=O,4.0,5,0.7866511297900741,2.9,4.5,train
CC(=O)c1cccc(-c2ccc(/N=C/c3ccc(-c4ccc(-c5ccc(C=N)s5)s4)s3)c(C(C)=O)c2)c1,CCCCC(=O)OCC1(c2ccccc2)c2cccc3cccc4cccc5cccc6cccc1c6c-5c-4c-3c2,0.05,11,0.107169788822987,0.001,0.36,train
CCCCCCCCCCC(CCCCCCCC)CN1C(=O)/C(=C\c2ccc(-c3cc4c(-c5ccc(CC(CC)CCCC)s5)c5sccc5c(-c5ccc(CC(CC)CCCC)s5)c4s3)s2)c2ccccc21,CCCCC(=O)OCC1(c2ccccc2)c2cccc3cccc4cccc5cccc6cccc1c6c-5c-4c-3c2,3.635,2,0.8273149339882605,3.05,4.22,train
CCCCCCCCC(CCCCCC)COc1cnc2c(C)c(F)c(F)c(-c3ccc(C)s3)c2n1,CCCCCC(CCCCC)N1C(=O)c2cc3cc4c(cc3cc2C1=O)/C1=N/c2c3cc5cc6c(cc5cc3c3n2B(Cl)n2c(c5cc7cc8c(cc7cc5/c2=N/C4=N1)C(=O)N(C(CCCCC)CCCCC)C8=O)=N3)C(=O)N(C(CCCCC)CCCCC)C6=O,6.25,1,0.0,6.25,6.25,train
CCCCCCCCC(CCCCCCCC)n1c2cc(C)ccc2c2ccc(-c3ccc(-c4ccc(-c5ccc(C)s5)c5nsnc45)s3)cc21,Clc1cc2c(cc1Cl)C1=[N+]3C2=Nc2c4cc(Cl)c(Cl)cc4c4n2[B-]3(Oc2ccccc2)n2c(c3cc(Cl)c(Cl)cc3c2=N4)=N1,0.5,1,0.0,0.5,0.5,train
CCCCCCCOc1c(OCCCCCCC)c(-c2cc3sc(-c4cc5c(OCC(CC)CCCC)c(OCC(CC)CCCC)c6ccsc6c5s4)cc3s2)c2nsnc2c1-c1cc2sccc2s1,CCCCC(=O)OCC1(c2ccccc2)C2=CC=Cc3cccc4cccc5ccc6ccccc7cccc1c7c6c5c-4c3C2,2.13,1,0.0,2.13,2.13,train
CCCCC(CC)COc1c2cc(-c3sc(-c4nnc(-c5cc(CC(CC)CCCC)cs5)nn4)cc3CC(CC)CCCC)sc2c(OCC(CC)CCCC)c2ccsc12,CCCCC(=O)OCC1(c2ccccc2)C2=CC=Cc3cccc4cccc5ccc6ccccc7cccc1c7c6c5c-4c3C2,3.4,1,0.0,3.4,3.4,train
CCCCC(CC)Cc1cc(-c2ccc3c(c2)C(=O)c2cc(-c4cc(CC(CC)CCCC)c(-c5ccc(-c6ccc7c(c6)C(CC(CC)CCCC)(CC(CC)CCCC)c6ccccc6-7)s5)s4)ccc2-3)sc1-c1cccs1,CCCCC(=O)OCC1(c2ccccc2)C2=CC=Cc3cccc4cccc5ccc6ccccc7cccc1c7c6c5c-4c3C2,1.17,3,0.5987765303795176,0.21,1.31,train
CCCCCCCCC(CCCCCCCC)n1c2ccccc2c2ccc(-c3ccc(-c4ccc(-c5cccs5)c5nsnc45)s3)cc21,CCCCC(=O)OCC1(c2ccccc2)c2cccc3cccc4cccc5cccc6cccc1c6c-5c-4c-3c2,4.69,31,1.3782559495121331,1.08,6.42,train
CCCCCCc1cc(C)sc1C,CCCCCCCC(CCCCCCC)N1C(=O)c2ccc3c4c5c(c6ccc(c2c36)C1=O)=CC=C1C(=O)N(C(CCCCCCC)CCCCCCC)C(=O)C(C=C4)C15,0.01,1,0.0,0.01,0.01,train
CCCCCCCCCCc1cc(C)sc1C,CCCCC(=O)OCC1(c2ccccc2)c2cccc3cccc4cccc5cccc6cccc1c6c-5c-4c-3c2,0.55,1,0.0,0.55,0.55,train
CCCCCCc1ccsc1,CCCCCCCCN1C(=O)c2c(c(-c3cccs3)c3c(c2-c2cccs2)-c2cccc4c(C#N)ccc-3c24)C1=O,1.86,1,0.0,1.86,1.86,train
CCCCCCCCCCC(CCCCCCCC)CN1C(=O)/C(=C\c2ccc(-c3cc4c(OCC(CC)CCCC)c5sccc5c(OCC(CC)CCCC)c4s3)s2)c2ccccc21,CCCCC(=O)OCC1(c2ccccc2)c2cccc3cccc4cccc5cccc6cccc1c6c-5c-4c-3c2,3.455,2,2.043538597629123,2.01,4.9,train
CCCCCCCCCCc1c(C)sc(C)c1C#Cc1ccccc1,CCCCC(=O)OCC1(c2ccccc2)c2cccc3cccc4cccc5cccc6cccc1c6c-5c-4c-3c2,0.63,1,0.0,0.63,0.63,train
CCCCCCCCOc1cccc(-c2nc3cccc(-c4cccs4)c3nc2-c2cccc(OCCCCCCCC)c2)c1,CCCCC(=O)OCC1(c2ccccc2)C2=CC=Cc3cccc4cccc5ccc6ccccc7cccc1c7c6c5c-4c3C2,4.32,4,1.3283197406247238,2.5,5.48,train
CCCCCCCCC(CCCCCC)COc1cnc2c(-c3cccs3)c(F)c(F)cc2n1,CCn1nc2c(n1)c1c3sc4cc(/C=C5\C(=O)c6cc(F)c(F)cc6C5=C(C#N)C#N)sc4c3n(CC)c1c1c2c2sc3cc(/C=C4\C(=O)c5cc(F)c(F)cc5C4=C(C#N)C#N)sc3c2n1CC,12.81,3,1.322837858545029,11.34,13.98,train
CCCCCCc1cc(C)sc1C,CCCCC1(CCCC)c2ccccc2-c2ccc(N3C(=O)c4ccc(C#Cc5ccc(-c6ccc(-c7ccc(C#Cc8ccc9c(c8)C(=O)N(c8ccc%10c(c8)C(CCCC)(CCCC)c8ccccc8-%10)C9=O)s7)c7nsnc67)s5)cc4C3=O)cc21,0.35,1,0.0,0.35,0.35,train
CCCCCCCCC(CCCCCC)CN1C(=O)C2=C(c3ccc(-c4ccccc4)s3)N(CC(CCCCCC)CCCCCCCC)C(=O)C2=C1c1cccs1,CCCCC(=O)OCC1(c2ccccc2)c2cccc3cccc4cccc5cccc6cccc1c6c-5c-4c-3c2,6.3,1,0.0,6.3,6.3,train
CCCCCCCCC1(CCCCCCCC)c2ccccc2-c2ccc(-c3ccc(-c4ccc(-c5cccs5)c5nc(-c6ccc(C)cc6)c(-c6ccc(C)cc6)nc45)s3)cc21,CCCCC(=O)OCC1(c2ccccc2)C2=CC=Cc3cccc4cccc5ccc6ccccc7cccc1c7c6c5c-4c3C2,2.97,1,0.0,2.97,2.97,train
CCCCC(CC)COC(=O)c1sc2c(-c3cc4c(OCC(CC)CCCC)c5sccc5c(OCC(CC)CCCC)c4s3)scc2c1F,CCCCCCC(CCCC)CN1C(=O)c2ccc3c4c(ccc(c24)C1=O)-c1c-3nc2cc3c(-c4ccccc4)c4c(nc3cc2c1-c1ccccc1)-c1ccc2c3c(ccc-4c13)C(=O)N(CC(CCCC)CCCCCC)C2=O,3.08,1,0.0,3.08,3.08,train
CCCCCCc1ccsc1,CCCCCCc1cc(-c2ccc(-c3cc(CCCCCC)c(C#Cc4ccc5c6c(cccc46)C(=O)N(c4ccc6c(c4)C(CCCC)(CCCC)c4ccccc4-6)C5=O)s3)c3nsnc23)sc1C#Cc1ccc2c3c(cccc13)C(=O)N(c1ccc3c(c1)C(CCCC)(CCCC)c1ccccc1-3)C2=O,1.335,4,0.347598906787694,0.81,1.53,train
CCCCCCc1ccsc1,CCc1ccc(-c2c3cc(-c4cc5c6c(ccc7c8c(-c9cc%10c(-c%11ccc(CC)s%11)c%11sccc%11c(-c%11ccc(CC)s%11)c%10s9)cc9c%10c(ccc(c4c67)c%108)C(=O)N(CC)C9=O)C(=O)N(CC)C5=O)sc3c(-c3ccc(CC)s3)c3ccsc23)s1,1.25,3,0.4050102879351748,0.85,1.66,train
CCCCCCc1cc(C)sc1C,CCCCCCC1(CCCCCC)c2cc(N3C(=O)c4cccc5c(C#Cc6ccc(-c7cc8c(cc(-c9ccc(C#Cc%10ccc%11c%12c(cccc%10%12)C(=O)N(c%10ccc%12c(c%10)C(CCCCCC)(CCCCCC)C%10C=CC=CC%12%10)C%11=O)s9)c9nsnc98)c8nsnc78)s6)ccc(c45)C3=O)ccc2C2C=CC=CC21,0.87,1,0.0,0.87,0.87,train
CCCCC(CC)Cc1ccc(-c2c3cc(-c4ccc(-c5sc(-c6cccs6)c6c5C(=O)c5c(CC(CC)CCCC)sc(CC(CC)CCCC)c5C6=O)s4)sc3c(-c3ccc(CC(CC)CCCC)s3)c3ccsc23)s1,CCn1nc2c(-c3cc4c(s3)-c3sc(/C=C5\C(=O)c6ccc(F)cc6C5=C(C#N)C#N)cc3C4(CC)CC)c(F)c(F)c(-c3cc4c(s3)-c3sc(/C=C5\C(=O)c6ccc(F)cc6C5=C(C#N)C#N)cc3C4(CC)CC)c2n1,10.1,1,0.0,10.1,10.1,train
CCCCCCCCN1C(=O)c2csc(-c3cc4c(s3)-c3sccc3[Si]4(CC(CC)CCCC)CC(CC)CCCC)c2C1=O,CCCCC(=O)OCC1(c2ccccc2)c2cccc3cccc4cccc5cccc6cccc1c6c-5c-4c-3c2,5.5,1,0.0,5.5,5.5,train
CCCCCCCCCCC(CCCCCCCC)Cc1csc(-c2c(F)c(F)c(-c3cc(CC(CCCCCCCC)CCCCCCCCCC)c(-c4ccc(-c5cccs5)s4)s3)c3nsnc23)c1,CCN1C(=O)/C(=C/c2ccc(-c3cc4c(s3)-c3cc5c(cc3C4(CC)CC)-c3sc(-c4ccc(/C=C6\SC(=S)N(CC)C6=O)c6nsnc46)cc3C5(CC)CC)c3nsnc23)SC1=S,8.0,1,0.0,8.0,8.0,train
CCCCC(CC)COC(=O)c1sc2c(-c3cc4c(OCC(CC)CCCC)c5sccc5c(OCC(CC)CCCC)c4s3)scc2c1F,CCCCC(CC)CN1C(=O)c2ccc3c4ccc5c6c(cc(-c7ccc(C(C)C)cc7)c(c7ccc(c2c37)C1=O)c64)C(=O)N(CC(CC)CCCC)C5=O,0.55,1,0.0,0.55,0.55,train
CCCCCCc1cc(C)sc1C,CCCCCCn1c2ccsc2c2sc(-c3ccc(C=C(C#N)C#N)c4nsnc34)cc21,0.3,1,0.0,0.3,0.3,train
CCCCCCCCC(CCCCCCCC)n1c2ccccc2c2ccc(-c3ccc(-c4c(F)c(F)c(-c5cccs5)c5nsnc45)s3)cc21,CCCCC(=O)OCC1(c2ccccc2)C2=CC=Cc3cccc4cccc5ccc6ccccc7cccc1c7c6c5c-4c3C2,1.29,1,0.0,1.29,1.29,train
CCCCCCc1ccsc1,CCN1C(=O)/C(=C/c2ccc(-c3cc4c(s3)-c3cc5c(cc3C4(CC)CC)-c3sc(-c4ccc(/C=C6\SC(=S)N(CC)C6=O)c6nsnc46)cc3C5(CC)CC)c3nsnc23)SC1=S,6.3,6,0.5891236429364101,5.43,7.0,train
c1ccc2cc3cc4cc5ccccc5cc4cc3cc2c1,ClB1n2c3c4ccccc4c2N=c2c4ccccc4c(n21)=NC1=NC(=N3)c2ccccc21,0.15,2,0.0,0.15,0.15,train
CCOCCOCCOc1cc(-c2ccc(-c3cc(OCCOCCOCC)c(-c4ccc(C)s4)s3)s2)sc1C,CCOCCOCCOc1ccc(-c2nc3c(-c4ccnc(F)c4F)c4nsnc4c(-c4ccnc(F)c4F)c3nc2-c2ccc(OCCOCCOCC)cc2)cc1,0.11,1,0.0,0.11,0.11,train
CCCCCCc1cc(C)sc1C,CCC(CC)N1C(=O)c2c(CCC(C)(C)C)cc3c4c5c(c6cc(CCC(C)(C)C)c(c2c36)C1=O)=CC(CCC(C)(C)C)=C1C(=O)N(C(CC)CC)C(=O)C(C(CCC(C)(C)C)=C4)C15,0.5,1,0.0,0.5,0.5,train
CCCCCCc1ccsc1,CCCCC(=O)OCC1(c2ccccc2)C2=CC=Cc3cccc4cccc5ccc6ccccc7cccc1c7c6c5c-4c3C2,2.625,16,1.143135308409872,1.04,4.32,train
CCCCC(CC)Cc1ccc(-c2c3cc(-c4ccc(-c5sc(-c6cccs6)c6c5C(=O)c5c(CC(CC)CCCC)sc(CC(CC)CCCC)c5C6=O)s4)sc3c(-c3ccc(CC(CC)CCCC)s3)c3ccsc23)s1,CCn1c(=O)c2cc(-c3cc4c(s3)-c3sc(/C=C5\C(=O)c6cc(F)c(F)cc6C5=C(C#N)C#N)cc3C4(CC)CC)sc2c2sc(-c3cc4c(s3)-c3sc(/C=C5\C(=O)c6cc(F)c(F)cc6C5=C(C#N)C#N)cc3C4(CC)CC)cc2c1=O,8.53,1,0.0,8.53,8.53,train
CCCCC(CC)Cc1ccc(-c2c3cc(-c4ccc(-c5sc(-c6cccs6)c6c5C(=O)c5c(CC(CC)CCCC)sc(CC(CC)CCCC)c5C6=O)s4)sc3c(-c3ccc(CC(CC)CCCC)s3)c3ccsc23)s1,CCCCC(CC)CC1(CC(CC)CCCC)c2cc(/C=C3\C(=O)c4ccccc4C3=C(C#N)C#N)sc2-c2sc(-c3ccc(-c4cc5c(s4)-c4sc(/C=C6\C(=O)c7ccccc7C6=C(C#N)C#N)cc4C5(CC(CC)CCCC)CC(CC)CCCC)c4nsnc34)cc21,9.3,1,0.0,9.3,9.3,train
CCCCCCCCn1nc2cccc(-c3cc4c(s3)-c3sccc3[Si]4(CC(CC)CCCC)CC(CC)CCCC)c2n1,CCCCC(=O)OCC1(c2ccccc2)C2=CC=Cc3cccc4cccc5ccc6ccccc7cccc1c7c6c5c-4c3C2,1.49,3,0.1123981020005824,1.42,1.64,train
CCCCCCCCC(CCCCCCCC)n1c2ccccc2c2ccc(-c3cc(/C=C/c4ccc(C=C(C#N)C#N)s4)cs3)cc21,CCCCC(=O)OCC1(c2ccccc2)c2cccc3cccc4cccc5cccc6cccc1c6c-5c-4c-3c2,1.135,4,0.1678292783356547,0.93,1.34,train
CCCCCCC(CCCC)CCc1c2cc(-c3sc(-c4ccc(-c5scc(F)c5F)c5nn(CC(CCCC)CCCCCC)nc45)c(F)c3F)sc2c(CCC(CCCC)CCCCCC)c2ccsc12,CCCCC(=O)OCC1(c2ccccc2)c2cccc3cccc4cccc5cccc6cccc1c6c-5c-4c-3c2,6.41,1,0.0,6.41,6.41,train
CCCCCCc1cc(C)sc1C,CCCCC(CC)CN1C(=O)c2cccc3c(-c4ccc(/C(C#N)=C/c5cc(OC)c(/C=C(\C#N)c6ccc(-c7ccc8c9c(cccc79)C(=O)N(CC(CC)CCCC)C8=O)s6)cc5OC)s4)ccc(c23)C1=O,1.32,1,0.0,1.32,1.32,train
CCCCCCCCCCC(CCCCCCCC)CN1C(=O)/C(=C2/C(=O)N(C(CCCCCCCC)CCCCCCCCCC)c3ccccc32)c2ccc(-c3cc4cc5sccc5cc4s3)cc21,CCCCCCC(CCCCCC)N1C(=O)c2ccc3c4ccc5c6c(cc(-c7cccs7)c(c7ccc(c2c37)C1=O)c64)C(=O)N(C(CCCCCC)CCCCCC)C5=O,3.12,1,0.0,3.12,3.12,train
CCCCCCCCCCCCc1ccsc1/C=C/c1sc(-c2ccc(-c3ccc(-c4cccs4)c4nsnc34)s2)cc1CCCCCCCCCCCC,CCCCC(=O)OCC1(c2ccccc2)C2=CC=Cc3cccc4cccc5ccc6ccccc7cccc1c7c6c5c-4c3C2,1.04,1,0.0,1.04,1.04,train
CCCCC(CC)COc1c2cc(-c3scc4sc(C(=O)C(CC)CCCC)cc34)sc2c(OCC(CC)CCCC)c2ccsc12,CCCCCCCCCCC(CCCCCCCC)CN1C(=O)c2ccc3c4c(c(-c5ccc(-c6cccs6)s5)cc(c24)C1=O)C(=O)N(C(CCCCCCCC)CCCCCCCCCC)C3=O,1.46,1,0.0,1.46,1.46,train
CCCCC(CC)Cc1sc(-c2c3cc(-c4ccc(-c5sc(-c6ccc(C)s6)c6c5C(=O)c5c(CC(CC)CCCC)sc(CC(CC)CCCC)c5C6=O)s4)sc3c(-c3cc(F)c(CC(CC)CCCC)s3)c3cc(C)sc23)cc1F,CCCCC(CC)CC1(CC(CC)CCCC)c2cc(/C=C3\C(=O)c4cc(Cl)c(Cl)cc4C3=C(C#N)C#N)sc2-c2sc(-c3cc(F)c(-c4cc5c(s4)-c4sc(/C=C6\C(=O)c7cc(Cl)c(Cl)cc7C6=C(C#N)C#N)cc4C5(CC(CC)CCCC)CC(CC)CCCC)cc3F)cc21,11.615,2,0.1909188309203675,11.48,11.75,train
CCCCCCCCN1C(=O)c2csc(-c3cc4c(-c5ccc(CC(CC)CCCC)s5)c5sccc5c(-c5ccc(CC(CC)CCCC)s5)c4s3)c2C1=O,CCCCC(=O)OCC1(c2ccccc2)c2cccc3cccc4cccc5cccc6cccc1c6c-5c-4c-3c2,6.12,1,0.0,6.12,6.12,train
CCCCCCCCOc1c(OCCCCCCCC)c(-c2ccc(/C(F)=C\F)s2)c2nsnc2c1-c1cccs1,CCCCC(=O)OCC1(c2ccccc2)c2cccc3cccc4cccc5cccc6cccc1c6c-5c-4c-3c2,1.05,3,0.2051828452868319,0.83,1.24,train
CCOc1cnc2c(-c3ccc(-c4c(F)c(F)c(-c5ccc(-c6c(F)c(F)c(-c7cccs7)c7ncc(OCC)nc67)s5)c5ncc(OCC)nc45)s3)c(F)c(F)cc2n1,CCC1(CC)c2cc(/C=C3\C(=O)c4cc(Cl)c(Cl)cc4C3=C(C#N)C#N)sc2-c2sc(-c3ccc(-c4cc5c(s4)-c4sc(/C=C6\C(=O)c7cc(Cl)c(Cl)cc7C6=C(C#N)C#N)cc4C5(CC)CC)c4nsnc34)cc21,8.65,1,0.0,8.65,8.65,train
CCCCC(CC)Cc1ccc(-c2c3cc(-c4ccc(-c5sc(-c6cccs6)c6c5C(=O)c5c(CC(CC)CCCC)sc(CC(CC)CCCC)c5C6=O)s4)sc3c(-c3ccc(CC(CC)CCCC)s3)c3ccsc23)s1,CCOc1cccc(OCC)c1-c1cc(-c2ccc(/C=C3\C(=O)c4cc(F)c(F)cc4C3=C(C#N)C#N)s2)sc1-c1sc(-c2ccc(/C=C3\C(=O)c4cc(F)c(F)cc4C3=C(C#N)C#N)s2)cc1-c1c(OCC)cccc1OCC,10.26,4,1.4149999999999998,7.43,10.26,train
CCCCC(CC)Cc1csc(-c2sc(-c3cc(CC(CC)CCCC)c(-c4cc(F)c(-c5sccc5F)s4)s3)c3c2C(=O)c2c(CC(CC)CCCC)sc(CC(CC)CCCC)c2C3=O)c1,CCCCC(=O)OCC1(c2ccccc2)C2=CC=Cc3cccc4cccc5ccc6ccccc7cccc1c7c6c5c-4c3C2,1.9,9,0.8139410298049853,1.2,3.8,train
CCCCCCN(CCCCCC)C(=O)c1ccsc1-c1cc(C(=O)N(CCCCCC)CCCCCC)c(-c2ccc(-c3cccs3)s2)s1,CCCCC(=O)OCC1(c2ccccc2)c2cccc3cccc4cccc5cccc6cccc1c6c-5c-4c-3c2,0.72,1,0.0,0.72,0.72,train
CCCCC(CC)Cc1ccc(-c2c3ccsc3c(-c3ccc(CC(CC)CCCC)s3)c3ccsc23)s1,CCCCC(=O)OCC1(c2ccccc2)C2=CC=Cc3cccc4cccc5ccc6ccccc7cccc1c7c6c5c-4c3C2,4.765,8,1.0713801179520075,3.21,6.12,train
CCCCCCCCC(CCCCCCCC)n1c2ccccc2c2ccc(-c3ccc(-c4sc(-c5cccs5)c5c4C(=O)N(CCCCCCCC)C5=O)s3)cc21,CCCCC(=O)OCC1(c2ccccc2)C2=CC=Cc3cccc4cccc5ccc6ccccc7cccc1c7c6c5c-4c3C2,1.92,4,0.9395167197376888,1.2,3.41,train
CCCCCCc1cc(C)sc1C,CCCCCCCCN1C(=O)c2ccc3c4c5c(c6c(-c7cccs7)cc(c2c36)C1=O)=CC=C1C(=O)N(CCCCCCCC)C(=O)C(C=C4c2cccs2)C15,0.19,1,0.0,0.19,0.19,train
CCCCC(CC)CN1C(=O)/C(=C2/C(=O)N(CC(CC)CCCC)c3cc(-c4cc5c(s4)-c4sccc4C5(CC(CC)CCCC)CC(CC)CCCC)ccc32)c2ccccc21,CCCCC(=O)OCC1(c2ccccc2)c2cccc3cccc4cccc5cccc6cccc1c6c-5c-4c-3c2,4.0,1,0.0,4.0,4.0,train
CCCCCCc1csc(-c2c(F)c(F)c(-c3cc(CCCCCC)c(-c4cc5c(s4)-c4sccc4[Si]5(CC(CC)CCCC)CC(CC)CCCC)s3)c3nsnc23)c1,CCCCC(=O)OCC1(c2ccccc2)c2cccc3cccc4cccc5cccc6cccc1c6c-5c-4c-3c2,3.66,3,0.0642910050732861,3.64,3.76,train
CCCCC(CC)Cc1ccc(-c2c3cc(-c4ccc(-c5sc(-c6cccs6)c6c5C(=O)c5c(CC(CC)CCCC)sc(CC(CC)CCCC)c5C6=O)s4)sc3c(-c3ccc(CC(CC)CCCC)s3)c3ccsc23)s1,CCc1c(/C=C2\C(=O)c3cc4ccsc4cc3C2=C(C#N)C#N)sc2c1sc1c3c4nsnc4c4c5sc6c(CC)c(/C=C7\C(=O)c8cc9ccsc9cc8C7=C(C#N)C#N)sc6c5n(CC)c4c3n(CC)c21,14.51,3,0.0,14.51,14.51,train
CCCCCCCCC(CCCCCC)COc1cnc2c(C)c(F)c(F)c(-c3ccc(C)s3)c2n1,CCCCCC(CCCCC)N1C(=O)c2cc3cc4c(cc3cc2C1=O)/C1=N/c2c3cc5cc6c(cc5cc3c3n2B(F)n2c(c5cc7cc8c(cc7cc5/c2=N/C4=N1)C(=O)N(C(CCCCC)CCCCC)C8=O)=N3)C(=O)N(C(CCCCC)CCCCC)C6=O,3.28,1,0.0,3.28,3.28,train
CCCCCCc1cc(C)sc1C,CCCCCC[Si]1(CCCCCC)c2cc(-c3cc4c(s3)-c3sc(-c5ccc(C=C(C#N)C#N)c6nsnc56)cc3[Si]4(CCCCCC)CCCCCC)sc2-c2sc(-c3ccc(C=C(C#N)C#N)c4nsnc34)cc21,0.17,1,0.0,0.17,0.17,train
CCCCCCCCOc1cccc(-c2nc3cc(F)cc(-c4cccs4)c3nc2-c2cccc(OCCCCCCCC)c2)c1,CCCCCCCCCCC(CCCCCCCC)CN1C(=O)c2ccc3c4c(c(-c5ccc(-c6cccs6)s5)cc(c24)C1=O)C(=O)N(C(CCCCCCCC)CCCCCCCCCC)C3=O,5.67,3,1.615064498196073,4.08,7.31,train
CCCCCCc1ccsc1,CCCCCCCCC(CCCCCC)CN1C(=O)c2ccc3c4c(-c5ccccc5C)c5c6cccc7cccc(c5c(-c5ccccc5C)c4c4ccc(c2c34)C1=O)c76,2.37,1,0.0,2.37,2.37,train
CCCCC(CC)Cc1ccc(-c2c3cc(-c4ccc(-c5sc(-c6ccc(C)s6)c6c5C(=O)c5c(CC(CC)CCCC)sc(CC(CC)CCCC)c5C6=O)s4)sc3c(-c3ccc(CC(CC)CCCC)s3)c3cc(C)sc23)s1,CCCCCCCCCCC(CCCCCCCC)CN1C(=O)c2ccc3c4c(c(-c5ccc(-c6cccs6)s5)cc(c24)C1=O)C(=O)N(CC(CCCCCCCC)CCCCCCCCCC)C3=O,7.41,1,0.0,7.41,7.41,train
CCCCC(CC)Cc1ccc(-c2c3cc(-c4ccc(-c5sc(-c6cccs6)c6c5C(=O)c5c(CC(CC)CCCC)sc(CC(CC)CCCC)c5C6=O)s4)sc3c(-c3ccc(CC(CC)CCCC)s3)c3ccsc23)s1,CCC(=O)c1cc2c3cc(-c4cc5c(s4)-c4sc(/C=C6\C(=O)c7cc(F)c(F)cc7C6=C(C#N)C#N)cc4C5(CC)CC)sc3c3sc(-c4cc5c(s4)-c4sc(/C=C6\C(=O)c7cc(F)c(F)cc7C6=C(C#N)C#N)cc4C5(CC)CC)cc3c2s1,8.27,1,0.0,8.27,8.27,train
CCCCC(CC)Cc1sc(-c2c3cc(-c4ccc(-c5sc(-c6ccc(C)s6)c6c5C(=O)c5c(CC(CC)CCCC)sc(CC(CC)CCCC)c5C6=O)s4)sc3c(-c3cc(F)c(CC(CC)CCCC)s3)c3cc(C)sc23)cc1F,CCCCC(CC)CC1(CC(CC)CCCC)c2cc(/C=C3\C(=O)c4cc(F)c(F)cc4C3=C(C#N)C#N)sc2-c2sc(-c3cc(F)c(-c4cc5c(s4)-c4sc(/C=C6\C(=O)c7cc(F)c(F)cc7C6=C(C#N)C#N)cc4C5(CC(CC)CCCC)CC(CC)CCCC)cc3F)cc21,10.9,1,0.0,10.9,10.9,train
CCCCCCCCC(CCCCCC)Cn1nc2c(-c3cccs3)c(F)c(F)c(-c3ccc(-c4cc5c(-c6cc(F)c(CC(CC)CCCC)s6)c6sccc6c(-c6cc(F)c(CC(CC)CCCC)s6)c5s4)s3)c2n1,CCn1nc2c(-c3cc4c(s3)-c3cc5c(cc3C4(CC)CC)-c3sc(-c4c6ccsc6c(/C=c6\sc(=C(C#N)C#N)n(CC)c6=O)c6nn(CC)nc46)cc3C5(CC)CC)c3ccsc3c(/C=c3\sc(=C(C#N)C#N)n(CC)c3=O)c2n1,10.33,1,0.0,10.33,10.33,train
CCCCCCc1cc(C)sc1C,CCCCCCCCn1nc2c(C=C(C#N)C#N)ccc(C3=CC4C(C=C3)c3ccc(-c5ccc(C=C(C#N)C#N)c6nn(CCCCCCCC)nc56)cc3C43c4ccccc4-c4ccccc43)c2n1,0.2,1,0.0,0.2,0.2,train
CCCCCCCCC(CCCCCCCC)n1c2ccccc2c2ccc(-c3sc(-c4c5ccccc5c(-c5cc(CCCCCC)cs5)c5nsnc45)cc3CCCCCC)cc21,CCCCC(=O)OCC1(c2ccccc2)C2=CC=Cc3cccc4cccc5ccc6ccccc7cccc1c7c6c5c-4c3C2,1.86,2,0.5656854249492379,1.46,2.26,train
CCCCCCc1ccc(-c2ccc(CCCCCC)s2)s1,CCCCCCCCCCC(CCCCCCCC)CN1C(=O)c2ccc3c4c(c(-c5ccc(-c6cccs6)s5)cc(c24)C1=O)C(=O)N(CC(CCCCCCCC)CCCCCCCCCC)C3=O,0.13,2,0.0,0.13,0.13,train
CCCCCCCCCCC(CCCCCCCC)Cc1csc(-c2c(F)c(F)c(-c3cc(CC(CCCCCCCC)CCCCCCCCCC)c(-c4ccc(/C=C/c5cccs5)s4)s3)c3nsnc23)c1,CCCCC(=O)OCC1(c2ccccc2)C2=CC=Cc3cccc4cccc5ccc6ccccc7cccc1c7c6c5c-4c3C2,6.1,1,0.0,6.1,6.1,train
CCCCCCc1cc(C)sc1C,CCCCC(CC)CN1C(=O)c2cccc3c(-c4ccc(-c5ccc6c7c(cccc57)C(=O)N(CC(CC)CCCC)C6=O)s4)ccc(c23)C1=O,0.41,1,0.0,0.41,0.41,train
CCCCCCc1cc(C)sc1C,CCCCC(CC)CN1C(=O)c2cc(-c3ccc(-c4cccs4)s3)c3c4c(cc(-c5ccc(-c6cccs6)s5)c(c24)C1=O)C(=O)N(CC(CC)CCCC)C3=O,0.19,1,0.0,0.19,0.19,train
CCCCCCCCOc1cccc(C2=NC3C=CC=C(c4cccs4)C3N=C2c2cccc(OCCCCCCCC)c2)c1,CCCCCCCCCCC(CCCCCCCC)CN1C(=O)c2ccc3c4c(c(-c5ccc(-c6cccs6)s5)cc(c24)C1=O)C(=O)N(CC(CCCCCCCC)CCCCCCCCCC)C3=O,4.3,1,0.0,4.3,4.3,train
CCCCCCc1ccsc1,CCCCCCCCC(CCCCCCCC)n1c2cc3sccc3cc2c2cc3cc(-c4c(F)c(F)cc5nn(CCCCCCCC)nc45)sc3cc21,2.78,3,0.8399007877918279,1.56,3.17,train
CCCCCCc1cc(C)sc1C,CCCCCCCCC1(CCCCCCCC)c2cc(-c3ccc4c5ccc6c7c(ccc(c8cccc3c84)c75)C(=O)N(c3c(C(C)C)cccc3C(C)C)C6=O)ccc2C2C=CC=CC21,1.29,1,0.0,1.29,1.29,train
CCCCCCCCCCC(CCCCCCCC)Cc1csc(-c2c(F)c(F)c(-c3cc(CC(CCCCCCCC)CCCCCCCCCC)c(-c4ccc(-c5cccs5)s4)s3)c3nsnc23)c1,CCCCCCCCCCC(CCCCCCCC)CN1C(=O)c2ccc3c4ccc5c6c(cc(-c7ccc(-c8cccs8)s7)c(c7ccc(c2c37)C1=O)c64)C(=O)N(CC(CCCCCCCC)CCCCCCCCCC)C5=O,1.1,3,1.1835680518387328,1.1,3.15,train
CCCCCCc1ccsc1,CCCCC(CC)CN1C(=O)c2cccc3c(-c4ccc(-c5ccc6c7c(cccc57)C(=O)N(CC(CC)CCCC)C6=O)s4)ccc(c23)C1=O,0.2,6,0.3967702945870149,0.11,1.13,train
CCCCC(CC)COC(=O)c1sc2c(-c3cc4c(-c5ccc(CC(CC)CCCC)s5)c5sc(C)cc5c(-c5ccc(CC(CC)CCCC)s5)c4s3)sc(C)c2c1F,CCCCC(CC)CN1C(=O)c2cccc3c(-c4ccc(-c5ccc6c7c(cccc57)C(=O)N(CC(CC)CCCC)C6=O)s4)ccc(c23)C1=O,2.33,1,0.0,2.33,2.33,train
CCCCCCc1cc(C)sc1C,CCCCCCN1C(=O)c2cc(C#Cc3ccc(C#Cc4cc5c(s4)C(=O)N(CCCCCC)C5=O)c4nsnc34)sc2C1=O,0.38,1,0.0,0.38,0.38,train
CCCCCCCCCCC(CCCCCCCC)Cc1csc(-c2c(F)c(F)c(-c3cc(CC(CCCCCCCC)CCCCCCCCCC)c(-c4cc5cc6sccc6cc5s4)s3)c3nonc23)c1,CCCCC(=O)OCC1(c2ccccc2)c2cccc3cccc4cccc5cccc6cccc1c6c-5c-4c-3c2,8.850000000000001,2,0.0707106781186551,8.8,8.9,train
CCCCCCCCOC(=O)c1sc2c(-c3cc4c5cc(CC(CC)CCCC)c(CC(CC)CCCC)cc5c5ccsc5c4s3)scc2c1F,CCCCC(=O)OCC1(c2ccccc2)c2cccc3cccc4cccc5cccc6cccc1c6c-5c-4c-3c2,0.46,1,0.0,0.46,0.46,train
CCCCCCc1cc(C)sc1C,CCCCCCC(CCCC)CCN1C(=O)c2cccc3c(-c4ccc(-c5ccc6c(c5)C(=O)c5cc(-c7ccc(-c8ccc9c%10c(cccc8%10)C(=O)N(CCC(CCCC)CCCCCC)C9=O)s7)ccc5-6)s4)ccc(c23)C1=O,3.6,1,0.0,3.6,3.6,train
CCCCCCc1ccsc1,Cc1ccc(-c2cc(-c3cccc(F)c3)n[nH]2)c(O)c1,1.2,1,0.0,1.2,1.2,train
CCCCC(CC)CSc1ccc(-c2c3cc(-c4ccc(-c5sc(-c6cccs6)c6c5C(=O)c5c(CC(CC)CCCC)sc(CC(CC)CCCC)c5C6=O)s4)sc3c(-c3ccc(SCC(CC)CCCC)o3)c3ccsc23)o1,CCCCC(=O)OCC1(c2ccccc2)C2=CC=Cc3cccc4cccc5ccc6ccccc7cccc1c7c6c5c-4c3C2,4.01,1,0.0,4.01,4.01,train
CCCCCCCCOc1c(OCCCCCCCC)c2sc(-c3ccc(-c4sc(-c5nc(CCCCCC)c(-c6cccs6)s5)nc4CCCCCC)s3)cc2c2ccsc12,CCCCC(=O)OCC1(c2ccccc2)C2=CC=Cc3cccc4cccc5ccc6ccccc7cccc1c7c6c5c-4c3C2,2.81,1,0.0,2.81,2.81,train
CCCCC(CC)COc1c2cc(-c3cc(/C=C4\SC(=S)N(CC)C4=O)cs3)sc2c(OCC(CC)CCCC)c2ccsc12,CCCCC(=O)OCC1(c2ccccc2)C2=CC=Cc3cccc4cccc5ccc6ccccc7cccc1c7c6c5c-4c3C2,2.605,6,0.878622027191822,1.58,4.04,train
CCCCCCCCCCCCn1c(-c2cccs2)ccc1-c1ccc(-c2ccc(C3=C4C(=O)N(CC(CC)CCCC)C(c5cccs5)=C4C(=O)N3CC(CC)CCCC)s2)s1,CCCCC(=O)OCC1(c2ccccc2)C2=CC=Cc3cccc4cccc5ccc6ccccc7cccc1c7c6c5c-4c3C2,2.155,2,0.67175144212722,1.68,2.63,train
CCCCC(CC)COC(=O)c1cc2csc(-c3cc4c5nc(CC(CC)CCCC)c(CC(CC)CCCC)nc5c5ccsc5c4s3)c2s1,CCCCC(=O)OCC1(c2ccccc2)c2cccc3cccc4cccc5cccc6cccc1c6c-5c-4c-3c2,0.33,1,0.0,0.33,0.33,train
CCCCC(CC)c1cc(F)c2sc3c(c2c1)C(=O)c1cc(-c2cc(COC(=O)CCCC(C)CC)c(C(=O)OCCCC(C)CC)s2)sc1C3=O,CCCCC(=O)OCC1(c2ccccc2)C2=CC=Cc3cccc4cccc5ccc6ccccc7cccc1c7c6c5c-4c3C2,8.835,12,0.6441273166075164,7.79,9.68,train
CCCCCCc1ccsc1-c1ccc(-c2cc(C)c(-c3cccs3)c3nsnc23)s1,CCCCC(=O)OCC1(c2ccccc2)C2=CC=Cc3cccc4cccc5ccc6ccccc7cccc1c7c6c5c-4c3C2,0.935,16,0.4025662471362115,0.52,1.98,train
CCCCCCCC(=O)c1sc2csc(-c3cc4c(OCC(CC)CCCC)c5sccc5c(OCC(CC)CCCC)c4s3)c2c1F,CCCCC(=O)OCC1(c2ccccc2)C2=CC=Cc3cccc4cccc5ccc6ccccc7cccc1c7c6c5c-4c3C2,5.6,1,0.0,5.6,5.6,train
CCCCCCC(CCCC)COC(=O)c1ccsc1-c1ccc(-c2ccc(-c3sccc3C(=O)OCC(CCCC)CCCCCC)s2)s1,CCCCCCCCCCC(CCCCCCCC)CN1C(=O)c2ccc3c4c(c(-c5ccc(-c6cccs6)s5)cc(c24)C1=O)C(=O)N(CC(CCCCCCCC)CCCCCCCCCC)C3=O,0.89,2,0.0,0.89,0.89,train
CCCCCCCCC(CCCCCCCC)n1c2ccccc2c2ccc(-c3ccc(N(c4ccccc4)c4ccc(C=O)cc4)cc3)cc21,CCCCC(=O)OCC1(c2ccccc2)C2=CC=Cc3cccc4cccc5ccc6ccccc7cccc1c7c6c5c-4c3C2,0.32,1,0.0,0.32,0.32,train
CCCCC(CC)COc1c2cc(-c3sc(-c4nnc(-c5cc(CC(CC)CCCC)cs5)nn4)cc3CC(CC)CCCC)sc2c(OCC(CC)CCCC)c2ccsc12,CCCCCCCCCCC(CCCCCCCC)CN1C(=O)c2ccc3c4c(c(-c5ccc(-c6cccs6)s5)cc(c24)C1=O)C(=O)N(CC(CCCCCCCC)CCCCCCCCCC)C3=O,7.35,2,1.4849242404917504,6.3,8.4,train
CCCCCCc1ccc(/C=C/c2ccc(/C=C/c3ccc(/C=C/c4ccsc4-c4ccc(-c5cc(CCCCCC)c(-c6cccs6)s5)s4)s3)s2)s1,CCCCC(=O)OCC1(c2ccccc2)C2=CC=Cc3cccc4cccc5ccc6ccccc7cccc1c7c6c5c-4c3C2,1.745,2,0.134350288425444,1.65,1.84,train
CCCCC(CC)Cc1cc(C)sc1-c1nc2sc(-c3sc(-c4cc5c(s4)-c4sc(C)cc4[Si]5(CC(CC)CCCC)CC(CC)CCCC)cc3CC(CC)CCCC)nc2s1,CCCCCCC(CCCC)CN1C(=O)c2ccc3c4c(ccc(c24)C1=O)-c1c-3nc2cc3c(-c4ccccc4)c4c(nc3cc2c1-c1ccccc1)-c1ccc2c3c(ccc-4c13)C(=O)N(CC(CCCC)CCCCCC)C2=O,3.02,1,0.0,3.02,3.02,train
CCCCCCCCCCC(CCCCCCCC)Cc1csc(-c2cc3c(cc(-c4cc(CC(CCCCCCCC)CCCCCCCCCC)c(-c5cccs5)s4)c4nsnc43)c3nsnc23)c1,CCCCCCCCCCC(CCCCCCCC)CN1C(=O)c2ccc3c4c(c(-c5ccc(-c6cccs6)s5)cc(c24)C1=O)C(=O)N(CC(CCCCCCCC)CCCCCCCCCC)C3=O,3.37,1,0.0,3.37,3.37,train
CC(=O)c1cccc(-c2ccc(/N=C/c3ccc(C=N)s3)c(C(C)=O)c2)c1,CCCCC(=O)OCC1(c2ccccc2)c2cccc3cccc4cccc5cccc6cccc1c6c-5c-4c-3c2,0.01,5,0.0682458789964639,0.005,0.16,train
CCCCCCc1ccsc1,CCN1C(=O)C2=C(c3ccc(-c4ccc(-c5ccc(C6=C7C(=O)N(CC)C(c8cccs8)=C7C(=O)N6CC)s5)c5nsnc45)s3)N(CC)C(=O)C2=C1c1cccs1,1.16,1,0.0,1.16,1.16,train
CCCCCCc1ccsc1,CCN1C(=O)c2cc(-c3ccc(/C=C4/SC(=S)N(CC)C4=O)s3)c3c4c(cc(-c5ccc(/C=C6/SC(=S)N(CC)C6=O)s5)c(c24)C1=O)C(=O)N(CC)C3=O,4.62,1,0.0,4.62,4.62,train
CCCCCCc1cc(C)sc1C,c1cc2ccc3ccc4ccc5ccc1c1c2c3c4c51,0.19,1,0.0,0.19,0.19,train
CCCCCCc1ccsc1,CCCCC(CC)CN1C(=O)c2cc(-c3ccc(-c4ccc5c6ccccc6n(CC(CC)CCCC)c5c4)s3)c3c4c(cc(-c5cccs5)c(c24)C1=O)C(=O)N(CC(CC)CCCC)C3=O,0.005,1,0.0,0.005,0.005,train
CCCCCCCOc1c(OCCCCCCC)c(-c2ccc(-c3ccc(-c4cc5c(OCC(CC)CCCC)c(OCC(CC)CCCC)c6ccsc6c5s4)s3)s2)c2nsnc2c1-c1ccc(-c2cccs2)s1,CCCCC(=O)OCC1(c2ccccc2)C2=CC=Cc3cccc4cccc5ccc6ccccc7cccc1c7c6c5c-4c3C2,3.965,2,0.7566042558696059,3.43,4.5,train
CCCCCCc1cc(C)sc1C,CCCCC(CC)CN1C(=O)c2cccc3c(-c4ccc(/C(C#N)=C/c5ccc(/C=C(\C#N)c6ccc(-c7ccc8c9c(cccc79)C(=O)N(CC(CC)CCCC)C8=O)s6)cc5)s4)ccc(c23)C1=O,2.51,1,0.0,2.51,2.51,train
CCCCCCc1cc(C)sc1C,CCCCCCN1C(=O)c2cc(C#Cc3ccc(C#Cc4ccc5c(n4)C(=O)N(CCCCCC)C5=O)c4nsnc34)cnc2C1=O,0.32,1,0.0,0.32,0.32,train
CCCCC(CC)Cc1ccc(-c2c3cc(-c4ccc(-c5sc(-c6cccs6)c6c5C(=O)c5c(CC(CC)CCCC)sc(CC(CC)CCCC)c5C6=O)s4)sc3c(-c3ccc(CC(CC)CCCC)s3)c3ccsc23)s1,CCCCCCCCCCCCc1csc(-c2cnc(-c3sc(-c4cccs4)c(CCCCCCCCCCCC)c3B(c3ccccc3)c3ccccc3)cn2)c1B(c1ccccc1)c1ccccc1,4.032,1,0.0,4.032,4.032,train
CCCCCCCCN1C(=O)c2csc(-c3cc4c(-c5ccc(CC(CC)CCCC)s5)c5sccc5c(-c5ccc(CC(CC)CCCC)s5)c4s3)c2C1=O,CCCCCCCCCCC(CCCCCCCC)CN1C(=O)c2ccc3c4c(c(-c5cc(Cl)c(/C=C/c6sccc6Cl)s5)cc(c24)C1=O)C(=O)N(CC(CCCCCCCC)CCCCCCCCCC)C3=O,5.52,1,0.0,5.52,5.52,train
CCCCC(CC)Cc1ccc(-c2c3cc(-c4ccc(-c5sc(-c6cccs6)c6c5C(=O)c5c(CC(CC)CCCC)sc(CC(CC)CCCC)c5C6=O)s4)sc3c(-c3ccc(CC(CC)CCCC)s3)c3ccsc23)s1,CCN1C(=O)C(=Cc2cc3c(s2)-c2cc4c(cc2C3(CC)CC)-c2sc(C=C3C(=O)N(CC)C(=S)N(CC)C3=O)cc2C4(CC)CC)C(=O)N(CC)C1=S,7.4,1,0.0,7.4,7.4,train
CCCCCCCCOc1cccc(-c2nc3cc(F)c(F)c(-c4cccs4)c3nc2-c2cccc(OCCCCCCCC)c2)c1,CCCCCCCCCCC(CCCCCCCC)CN1C(=O)c2ccc3c4c(c(-c5ccc(-c6cccs6)s5)cc(c24)C1=O)C(=O)N(C(CCCCCCCC)CCCCCCCCCC)C3=O,3.87,3,0.9421429473988188,2.39,4.14,train
CCCCC(CC)COC(=O)c1sc2c(-c3cc4c(OCC(CC)CCCC)c5sccc5c(OCC(CC)CCCC)c4s3)scc2c1F,CCCCC(CC)CN1C(=O)c2ccc3c4ccc5c6c(cc(-c7cccc(C(C)C)c7)c(c7ccc(c2c37)C1=O)c64)C(=O)N(CC(CC)CCCC)C5=O,1.73,1,0.0,1.73,1.73,train
CCCCCCCCC(CCCCCC)COc1c(F)c(-c2ccc(-c3ccc4c5ccc(C)cc5n(CC(CC)CCCC)c4c3)s2)c2nsnc2c1-c1ccc(C)s1,CCCCCCCCN1C(=O)c2cccc3c(C#CC#Cc4ccc5c6c(cccc46)C(=O)N(CCCCCCCC)C5=O)ccc(c23)C1=O,3.71,1,0.0,3.71,3.71,train
CCCCC(CC)Cc1ccc(-c2c3cc(-c4ccc(-c5sc(-c6cccs6)c6c5C(=O)c5c(CC(CC)CCCC)sc(CC(CC)CCCC)c5C6=O)s4)sc3c(-c3ccc(CC(CC)CCCC)s3)c3ccsc23)s1,CCN1C(=O)C(=Cc2cc3sc4c(c3s2)C(CC)(CC)c2cc3c(cc2-4)C(CC)(CC)c2c-3sc3cc(C=C4C(=O)N(CC)C(=S)N(CC)C4=O)sc23)C(=O)N(CC)C1=S,12.75,2,2.7577164466275343,10.8,14.7,train
CCCCC(CC)Cc1ccc(-c2c3cc(-c4scc5c4C(=O)N(CC(CC)CCCC)C5=O)sc3c(-c3ccc(CC(CC)CCCC)s3)c3ccsc23)s1,CCCCCCCCC(CCCCCC)CN1C(=O)c2ccc3c4c(c(-c5cccs5)cc(c24)C1=O)C(=O)N(CC(CCCCCC)CCCCCCCC)C3=O,6.41,1,0.0,6.41,6.41,train
CCCCCCCCOc1cccc(-c2nc3cc(F)cc(-c4cccs4)c3nc2-c2cccc(OCCCCCCCC)c2)c1,CCCCCCCCCCC(CCCCCCCC)CN1C(=O)c2ccc3c4c(c(-c5ccc(-c6cccs6)s5)cc(c24)C1=O)C(=O)N(CC(CCCCCCCC)CCCCCCCCCC)C3=O,7.12,1,0.0,7.12,7.12,train
CCCCC(CC)COC(=O)c1sc2c(-c3cc4c(-c5ccc(CC(CC)CCCC)s5)c5sc(C)cc5c(-c5ccc(CC(CC)CCCC)s5)c4s3)sc(C)c2c1F,CCCCCC(CCCCC)N1C(=O)C2=C(CC(C)(C)C)C=c3c4c(c5cccc6c(-c7ccc(-c8ccc(-c9ccc%10c%11c%12c(c%13cccc9c%13%10)C=C(CC(C)(C)C)C9C(=O)N(C(CCCCC)CCCCC)C(=O)C(=C(CC(C)(C)C)C=%11)C%129)s8)s7)ccc3c65)C=C(CC(C)(C)C)C(C1=O)C24,1.3,1,0.0,1.3,1.3,train
CCCCCCc1cc(C)sc1C,CCCCCCCCn1nc2c(/C=C3/SC(=S)N(CC)C3=O)ccc(C3=CC4C(C=C3)c3ccc(-c5ccc(/C=C6/SC(=S)N(CC)C6=O)c6nn(CCCCCCCC)nc56)cc3C43c4ccccc4-c4ccccc43)c2n1,3.28,1,0.0,3.28,3.28,train
CCCCC(CC)COc1c2cc(-c3scc4sc(C(=O)C(CC)CCCC)cc34)sc2c(OCC(CC)CCCC)c2ccsc12,CCCCC(=O)OCC1(c2ccccc2)C2=CC=Cc3cccc4cccc5ccc6ccccc7cccc1c7c6c5c-4c3C2,6.265000000000001,4,0.6944242219277784,5.0,6.52,train
CCCCCCc1ccsc1,CCCCC(CC)CN1C(=O)c2c(c(-c3ccc(-c4ccc5c6c(cccc46)C(=O)N(CC(CC)CCCC)C5=O)s3)c3nsnc3c2-c2ccc(-c3ccc4c5c(cccc35)C(=O)N(CC(CC)CCCC)C4=O)s2)C1=O,2.11,1,0.0,2.11,2.11,train
c1ccc(-c2c3ccccc3c(-c3ccccc3)c3c(-c4ccccc4)c4ccccc4c(-c4ccccc4)c23)cc1,CCCCCCN1C(=O)c2ccc3c4c(ccc(c24)C1=O)C(=O)N(CCCCCC)C3=O,0.0018,5,0.0084269875993738,0.00091,0.019,train
CCCCCCCCc1ccc(-c2c3sc4cc(-c5ccc(-c6sc(-c7cccs7)c7c6C(=O)c6c(CC(CC)CCCC)sc(CC(CC)CCCC)c6C7=O)s5)sc4c3c(-c3ccc(CCCCCCCC)s3)c3sc4ccsc4c23)s1,CCCCCCCCC1(CCCCCCCC)c2ccccc2-c2ccc(-c3cc4c5c(ccc6c7ccc8c9c(ccc(c3c56)c97)C(=O)N(CC(CC)CCCC)C8=O)C(=O)N(CC(CC)CCCC)C4=O)cc21,3.165,2,1.8455486988968888,1.86,4.47,train
CCCCCCc1cc(C)sc1C,CC(C)OCCCN1C(=O)c2ccc(C#Cc3ccc(C#Cc4ccc5c(c4)C(=O)N(CCCOC(C)C)C5=O)c4nsnc34)cc2C1=O,0.11,1,0.0,0.11,0.11,train
CCCCCCC(CCCC)COC(=O)c1cc(-c2cc(C(=O)OCC(CCCC)CCCCCC)c(-c3ccc(C)s3)s2)sc1-c1ccc(C)s1,CCCCC(=O)OCC1(c2ccccc2)c2cccc3cccc4cccc5cccc6cccc1c6c-5c-4c-3c2,6.3,1,0.0,6.3,6.3,train
CCCCCCc1cc(C)sc1C,CCCCC(CC)CN1C(=O)c2ccc(C#Cc3ccc(C#Cc4ccc5c(c4)C(=O)N(CC(CC)CCCC)C5=O)c4nsnc34)cc2C1=O,1.58,1,0.0,1.58,1.58,train
CCCCCCc1ccsc1,CCC1(CC)c2cc(-c3ccc(C=C4C(=O)c5ccccc5C4=O)s3)ccc2-c2ccc(-c3ccc(C=C4C(=O)c5ccccc5C4=O)s3)cc21,2.1,2,0.4666904755831215,1.77,2.43,train
CCCCC(CC)Cc1ccc(-c2c3cc(-c4ccc(-c5sc(C)c6c5C(=O)c5c(CC(CC)CCCC)sc(CC(CC)CCCC)c5C6=O)s4)sc3c(-c3ccc(CC(CC)CCCC)s3)c3cc(C)sc23)s1,CCCCCCCCc1c(/C=C2\C(=O)c3cc(Cl)c(Cl)cc3C2=C(C#N)C#N)sc2c1sc1c3c4nn(CC)nc4c4c5sc6c(CCCCCCCC)c(/C=C7\C(=O)c8cc9c(cc8C7=C(C#N)C#N)C7C8C=CC(C8)C97)sc6c5n(CC)c4c3n(CC)c21,16.82,1,0.0,16.82,16.82,train
CCCCCCCCN1C(=O)c2csc(-c3cc4c(s3)-c3sccc3[Si]4(CC(CC)CCCC)CC(CC)CCCC)c2C1=O,CCCCC(=O)OCC1(c2ccccc2)C2=CC=Cc3cccc4cccc5ccc6ccccc7cccc1c7c6c5c-4c3C2,4.8,9,2.248332715591712,0.2,6.2,train
CCCCCCc1cc(C)sc1C,CCCCCCCCN1C(=O)c2c(c(-c3cccs3)c3c(c2-c2cccs2)-c2cccc4c(C#N)ccc-3c24)C1=O,1.86,1,0.0,1.86,1.86,train
CCCCC(CC)COC(=O)c1sc2c(-c3cc4c(-c5ccc(CC(CC)CCCC)s5)c5sc(C)cc5c(-c5ccc(CC(CC)CCCC)s5)c4s3)sc(C)c2c1F,Clc1cc2c(cc1Cl)C1=[N+]3C2=Nc2c4cc(Cl)c(Cl)cc4c4n2[B-]3(Oc2ccccc2)n2c(c3cc(Cl)c(Cl)cc3c2=N4)=N1,3.8,1,0.0,3.8,3.8,train
CCCCCCc1ccsc1,CCCC1(CCC)c2ccccc2-c2ccc(-c3ccc(C=C(C#N)C#N)c4nsnc34)cc21,0.73,1,0.0,0.73,0.73,train
CCCCC(CC)COC(=O)c1sc2c(-c3cc4c(-c5ccc(CC(CC)CCCC)s5)c5sc(C)cc5c(-c5ccc(CC(CC)CCCC)s5)c4s3)sc(C)c2c1F,CCCCCC(CCCCC)N1C(=O)C2=C(CC(C)(C)C)C=c3c4c(c5cccc6c(-c7ccc(-c8ccc9c%10c%11c(c%12cccc8c%129)C=C(CC(C)(C)C)C8C(=O)N(C(CCCCC)CCCCC)C(=O)C(=C(CC(C)(C)C)C=%10)C%118)s7)ccc3c65)C=C(CC(C)(C)C)C(C1=O)C24,0.1,1,0.0,0.1,0.1,train
CCCCC(CC)Cc1ccc(-c2c3cc(-c4ccc(-c5sc(-c6cccs6)c6c5C(=O)c5c(CC(CC)CCCC)sc(CC(CC)CCCC)c5C6=O)s4)sc3c(-c3ccc(CC(CC)CCCC)s3)c3ccsc23)s1,CCC1(CC)C2=C(c3ccc(-c4ccc(/C=C5\C(=O)c6ccc(F)cc6C5=C(C#N)C#N)s4)cc31)C(CC)(CC)c1cc(-c3ccc(/C=C4\C(=O)c5ccc(F)cc5C4=C(C#N)C#N)s3)ccc12,10.05,1,0.0,10.05,10.05,train
CCCCCCCCCCCCc1ccsc1/C=C/c1sc(-c2cccc3nsnc23)cc1CCCCCCCCCCCC,CCCCC(=O)OCC1(c2ccccc2)C2=CC=Cc3cccc4cccc5ccc6ccccc7cccc1c7c6c5c-4c3C2,1.07,1,0.0,1.07,1.07,train
CCCCC(CC)Cc1ccc(-c2c3cc(-c4ccc(-c5sc(-c6cccs6)c6c5C(=O)c5c(CC(CC)CCCC)sc(CC(CC)CCCC)c5C6=O)s4)sc3c(-c3ccc(CC(CC)CCCC)s3)c3ccsc23)s1,CCCCC(CC)CC1(CC(CC)CCCC)c2cc(/C=C3\C(=O)c4cc5ccccc5cc4C3=C(C#N)C#N)sc2-c2sc(-c3cc(F)c(-c4cc5c(s4)-c4sc(/C=C6\C(=O)c7cc8ccccc8cc7C6=C(C#N)C#N)cc4C5(CC(CC)CCCC)CC(CC)CCCC)cc3F)cc21,11.63,1,0.0,11.63,11.63,train
CCCCC(CC)Cc1ccc(-c2c3cc(-c4ccc(-c5sc(-c6cccs6)c6c5C(=O)c5c(CC(CC)CCCC)sc(CC(CC)CCCC)c5C6=O)s4)sc3c(-c3ccc(CC(CC)CCCC)s3)c3ccsc23)s1,CCCCCCCCCCCCc1csc(-c2cnc(-c3sc(-c4scc(F)c4F)c(CCCCCCCCCCCC)c3B(c3ccccc3)c3ccccc3)cn2)c1B(c1ccccc1)c1ccccc1,8.776,1,0.0,8.776,8.776,train
CCCCC(CC)Cc1ccsc1-c1nc2sc(-c3sc(-c4cc5c(s4)-c4sccc4[Si]5(CC(CC)CCCC)CC(CC)CCCC)cc3CC(CC)CCCC)nc2s1,CCCCC(=O)OCC1(c2ccccc2)c2cccc3cccc4cccc5cccc6cccc1c6c-5c-4c-3c2,3.34,1,0.0,3.34,3.34,train
CCCCCCCCC(CCCCCC)COc1cnc2c(-c3cccs3)c(F)c(F)cc2n1,CCc1ccc(-c2c(/C=C3\C(=O)c4cc(F)c(F)cc4C3=C(C#N)C#N)sc3c2sc2c4c5nsnc5c5c6sc7c(-c8ccc(CC)cc8)c(/C=C8\C(=O)c9cc(F)c(F)cc9C8=C(C#N)C#N)sc7c6n(CC)c5c4n(CC)c32)cc1,17.1,1,0.0,17.1,17.1,train
CCCCCCc1cc(C)sc1C,CCCCCCCCN1C2=CC3C(=O)c4ccccc4N(CCCCCCCC)C3C=C2C(=O)C2C=CC=CC21,1.57,1,0.0,1.57,1.57,train
CCCCCCc1cc(C)sc1C,CCCCCCCCn1nc2c(/C=c3/sc(=C(C#N)C#N)n(CC)c3=O)ccc(C3=CC4C(C=C3)c3ccc(-c5ccc(/C=c6/sc(=C(C#N)C#N)n(CC)c6=O)c6nn(CCCCCCCC)nc56)cc3C43c4ccccc4-c4ccccc43)c2n1,0.57,1,0.0,0.57,0.57,train
CCCCC(CC)Cc1ccc(-c2c3cc(-c4ccc(-c5sc(-c6cccs6)c6c5C(=O)c5c(CC(CC)CCCC)sc(CC(CC)CCCC)c5C6=O)s4)sc3c(-c3ccc(CC(CC)CCCC)s3)c3ccsc23)s1,CCc1c(/C=C2\C(=O)c3ccc(Br)cc3C2=C(C#N)C#N)sc2c1sc1c3c4nn(CC)nc4c4c5sc6c(CC)c(/C=C7\C(=O)c8ccc(Br)cc8C7=C(C#N)C#N)sc6c5n(CC)c4c3n(CC)c21,12.05,1,0.0,12.05,12.05,train
CCc1csc(-c2sc(-c3cc(CC)c(-c4ccc(-c5ccc(-c6sc(-c7sc(-c8cc(CC)c(-c9ccc(-c%10ccc(-c%11sc(-c%12sc(-c%13cc(CC)c(-c%14ccc(-c%15cccs%15)s%14)s%13)c%13c%12C(=O)c%12c(CC)sc(CC)c%12C%13=O)cc%11CC)s%10)s9)s8)c8c7C(=O)c7c(CC)sc(CC)c7C8=O)cc6CC)s5)s4)s3)c3c2C(=O)c2c(CC)sc(CC)c2C3=O)c1,CCCCC(=O)OCC1(c2ccccc2)C2=CC=Cc3cccc4cccc5ccc6ccccc7cccc1c7c6c5c-4c3C2,4.68,1,0.0,4.68,4.68,train
CCCCC(CC)CN1C(=O)c2csc(-c3cc4c(s3)c3sccc3n4CC(CC)CCCC)c2C1=O,CCCCC(=O)OCC1(c2ccccc2)c2cccc3cccc4cccc5cccc6cccc1c6c-5c-4c-3c2,1.76,5,0.5880646222992844,0.6,1.9,train
CCCCCCCCCCC(CCCCCCCC)CN1C(=O)c2ccc3c4c(c(-c5cc6sccc6s5)cc(c24)C1=O)C(=O)N(CC(CCCCCCCC)CCCCCCCCCC)C3=O,CCCCCCCCCCC(CCCCCCCC)CN1C(=O)c2ccc3c4c(c(-c5cc6sccc6s5)cc(c24)C1=O)C(=O)N(CC(CCCCCCCC)CCCCCCCCCC)C3=O,0.79,1,0.0,0.79,0.79,train
CCCCC(CC)CSc1c2ccsc2c(SCC(CC)CCCC)c2ccsc12,CCCCC(=O)OCC1(c2ccccc2)c2cccc3cccc4cccc5cccc6cccc1c6c-5c-4c-3c2,4.0,1,0.0,4.0,4.0,train
CCCCC(CC)Cc1ccc(-c2c3cc(-c4ccc(-c5sc(-c6cccs6)c6c5C(=O)c5c(CC(CC)CCCC)sc(CC(CC)CCCC)c5C6=O)s4)sc3c(-c3ccc(CC(CC)CCCC)s3)c3ccsc23)s1,CCCCCCC1(CCCCCC)c2cc(/C=C3\C(=O)c4cc(F)c(F)cc4C3=C(C#N)C#N)sc2-c2sc(-c3cc4c(s3)-c3sc(/C=C5\C(=O)c6cc(F)c(F)cc6C5=C(C#N)C#N)cc3C4(CCCCCC)CCCCCC)cc21,9.47,2,0.0,9.47,9.47,train
CCCCC(CC)Cc1ccc(-c2c3cc(-c4ccc(-c5sc(-c6ccc(C)s6)c6c5C(=O)c5c(CC(CC)CCCC)sc(CC(CC)CCCC)c5C6=O)s4)sc3c(-c3ccc(CC(CC)CCCC)s3)c3cc(C)sc23)s1,Clc1cc2c(cc1Cl)C1=[N+]3C2=Nc2c4cc(Cl)c(Cl)cc4c4n2[B-]3(Oc2ccccc2)n2c(c3cc(Cl)c(Cl)cc3c2=N4)=N1,1.2,1,0.0,1.2,1.2,train
CCCCCCc1cc(C)sc1C,CCCCCCCCCCN1C(=O)c2ccc(C#Cc3ccc(C#Cc4ccc5c(c4)C(=O)N(CCCCCCCCCC)C5=O)c4nsnc34)cc2C1=O,0.16,1,0.0,0.16,0.16,train
CCCCCCCCC(CCCCCC)COc1cnc2c(C)c(F)c(F)c(-c3ccc(C)s3)c2n1,CCCCC(CC)Cn1c2cc3c(=O)n(C(CC)CC)c(=O)c4ccc5c6c(-c7cc8c(=O)n(C(CC)CC)c(=O)c9cc%10c%11c(c7c7ccc%12c(=O)n(C(CC)CC)c(=O)c%13cc(c%11c7c%12%13)n%10CC(CC)CCCC)c89)cc7c(=O)n(C(CC)CC)c(=O)c8cc1c(c6c78)c2c5c43,5.5,1,0.0,5.5,5.5,train
CCCCCCc1ccc(/C=C/c2ccc(/C=C/c3ccc(/C=C/c4ccsc4-c4ccc(-c5cc(CCCCCC)c(-c6cccs6)s5)s4)s3)s2)s1,CCCCCCCC[Si]1(CCCCCCCC)c2ccsc2-c2sc(-c3cc4c5c(ccc6c5c3C(=O)N(CCCCCC)C6=O)C(=O)N(CCCCCC)C4=O)cc21,0.16,3,0.0737111479583199,0.13,0.27,train
CCCCCCCCc1cc(-c2c3cc(-c4cccc5nsnc45)sc3c(-c3cc(CCCCCCCC)c(CCCCCCCC)s3)c3ccsc23)sc1CCCCCCCC,CCCCC(=O)OCC1(c2ccccc2)c2cccc3cccc4cccc5cccc6cccc1c6c-5c-4c-3c2,3.3,1,0.0,3.3,3.3,train
CCCCC(CC)COC(=O)c1sc2c(-c3cc4c(-c5ccc(CC(CC)CCCC)s5)c5sc(C)cc5c(-c5ccc(CC(CC)CCCC)s5)c4s3)sc(C)c2c1F,CCCCCC(CCCCC)N1C(=O)C2=CCc3c4c5c6c(ccc5c5ccc(c2c35)C1=O)C(=O)N(C(CCCCC)CCCCC)C(=O)C6=CC4,2.48,1,0.0,2.48,2.48,train
CCCCC(CC)CC1(CC(CC)CCCC)c2ccsc2-c2sc(-c3cccc4nsnc34)cc21,CCCCC(=O)OCC1(c2ccccc2)c2cccc3cccc4cccc5cccc6cccc1c6c-5c-4c-3c2,1.54,8,1.240044938125804,0.0396,4.4,train
Cc1ccc(-c2cc3c(C)c4sc(Cc5ccc(-c6c(C)c(C)c(C)c7nsnc67)s5)cc4c(C)c3s2)s1,ClB1n2c3c4ccccc4c2N=c2c4ccccc4c(n21)=NC1=NC(=N3)c2ccccc21,1.395,8,0.5817937165107825,0.17,1.82,train
Cc1ccc(-c2cc3c(C)c4sc(Cc5ccc(-c6c(C)c(C)c(C)c7nsnc67)s5)cc4c(C)c3s2)s1,CCCCC(=O)OCC1(c2ccccc2)c2cccc3cccc4cccc5cccc6cccc1c6c-5c-4c-3c2,4.65,4,0.4576388678131844,4.1,5.18,train
CCCCCCCCN1C(=O)/C(=C2/C(=O)N(CCCCCCCC)c3cc(-c4cc5c(s4)-c4sccc4C5(CC(CC)CCCC)CC(CC)CCCC)ccc32)c2ccccc21,CCCCC(=O)OCC1(c2ccccc2)c2cccc3cccc4cccc5cccc6cccc1c6c-5c-4c-3c2,3.6,1,0.0,3.6,3.6,train
CCCCC(CC)COC(=O)c1sc2c(-c3cc4c(-c5ccc(CC(CC)CCCC)s5)c5sc(C)cc5c(-c5ccc(CC(CC)CCCC)s5)c4s3)sc(C)c2c1F,CCCCC(CC)CN1C(=O)c2cccc3c(-c4ccc5c6c(cccc46)C(=O)N(CC(CC)CCCC)C5=O)ccc(c23)C1=O,1.88,1,0.0,1.88,1.88,train
CCCCC(CC)Cc1ccc(-c2c3cc(-c4ccc(-c5sc(-c6cccs6)c6c5C(=O)c5c(CC(CC)CCCC)sc(CC(CC)CCCC)c5C6=O)s4)sc3c(-c3ccc(CC(CC)CCCC)s3)c3ccsc23)s1,CCC1(CC)c2cc(/C=C3\C(=O)c4cc(F)c(F)cc4C3=C(C#N)C#N)sc2-c2sc(-c3ccc(-c4cc5c(s4)-c4sc(/C=C6\C(=O)c7cc(F)c(F)cc7C6=C(C#N)C#N)cc4C5(CC)CC)c4nsnc34)cc21,9.83,1,0.0,9.83,9.83,train
CCCCCCc1ccsc1,CCCCCCCCC(CCCCCC)CN1C(=O)/C(=C2/C(=O)N(CC(CCCCCC)CCCCCCCC)c3ccccc32)c2ccccc21,0.26,3,0.1457166199626292,0.19,0.47,train
CCCCCCc1csc(-c2nc3sc(-c4cc(CCCCCC)c(-c5cc6c(s5)-c5sccc5[Si]6(CC(CC)CCCC)CC(CC)CCCC)s4)nc3s2)c1,CCCCC(=O)OCC1(c2ccccc2)C2=CC=Cc3cccc4cccc5ccc6ccccc7cccc1c7c6c5c-4c3C2,5.035,4,0.5166881715954669,4.75,5.88,train
CCCCCCCCCCN1C(=O)c2c(c(-c3ccc(-c4cc5c(OCC(CC)CCCC)c6sccc6c(OCC(CC)CCCC)c5s4)s3)n(CCCCCCCC)c2-c2cccs2)C1=O,CCCCC(=O)OCC1(c2ccccc2)C2=CC=Cc3cccc4cccc5ccc6ccccc7cccc1c7c6c5c-4c3C2,2.65,2,1.994041122946064,1.24,4.06,train
CCCCCCCCCCC(CCCCCCCC)CN1C(=O)C2=C(c3ccc(-c4ccc(-c5ccc(-c6cnc(C7=C8C(=O)NC(c9ncc(-c%10ccc(-c%11cccs%11)s%10)s9)=C8C(=O)N7CC(CCCCCCCC)CCCCCCCCCC)s6)s5)s4)s3)NC(=O)C2=C1c1cccs1,CCCCC(=O)OCC1(c2ccccc2)C2=CC=Cc3cccc4cccc5ccc6ccccc7cccc1c7c6c5c-4c3C2,5.7,1,0.0,5.7,5.7,train
CCCCN(CCCC)C(=O)c1ccsc1-c1cc(C(=O)N(CCCC)CCCC)c(-c2cc3sccc3s2)s1,CCCCC(=O)OCC1(c2ccccc2)c2cccc3cccc4cccc5cccc6cccc1c6c-5c-4c-3c2,1.59,1,0.0,1.59,1.59,train
CCCCCCCCOC(=O)/C(C#N)=C\c1ccc(/C=C/c2csc(-c3ccc4c5ccccc5n(C(CCCCCCCC)CCCCCCCC)c4c3)c2)s1,CCCCC(=O)OCC1(c2ccccc2)C2=CC=Cc3cccc4cccc5ccc6ccccc7cccc1c7c6c5c-4c3C2,1.33,1,0.0,1.33,1.33,train
CCCCCCCCC1(CCCCCCCC)c2ccsc2-c2sc(-c3ccc4c(c3)N(CC(CC)CCCC)C(=O)/C4=C3/C(=O)N(CC(CC)CCCC)c4ccccc43)cc21,CCCCC(=O)OCC1(c2ccccc2)c2cccc3cccc4cccc5cccc6cccc1c6c-5c-4c-3c2,2.7,1,0.0,2.7,2.7,train
CCCCCCc1cc(C)sc1C,COC1=CC2c3cc(OC)ccc3C(=C3c4cc5ccccc5cc4-c4cc5ccccc5cc43)C2C=C1,1.7,1,0.0,1.7,1.7,train
CCCCC(CC)COC(=O)c1sc2c(-c3cc4c(OCC(CC)CCCC)c5sccc5c(OCC(CC)CCCC)c4s3)scc2c1F,CCC(CC)N1C(=O)c2ccc3c4c5c(c6ccc(c2c36)C1=O)=CC=C1C(=O)N(C(CC)CC)C(=O)C(C=C4)C15,3.55,1,0.0,3.55,3.55,train
CCCCCCc1ccc(-c2ccc(CCCCCC)s2)s1,CCCCC(=O)OCC1(c2ccccc2)c2cccc3cccc4cccc5cccc6cccc1c6c-5c-4c-3c2,1.6,3,0.357957166897568,1.6,2.22,train
CCCCC(CC)Cc1sc(-c2c3cc(-c4ccc(-c5sc(-c6ccc(C)s6)c6c5C(=O)c5c(CC(CC)CCCC)sc(CC(CC)CCCC)c5C6=O)s4)sc3c(-c3cc(F)c(CC(CC)CCCC)s3)c3cc(C)sc23)cc1F,CCCCN1C(=O)c2cc3c(cc2C1=O)C1=[N+]2C3=Nc3c4cc5c(cc4c4n3[B-]2(F)n2c(c3cc6c(cc3c2=N4)C(=O)N(CCCC)C6=O)=N1)C(=O)N(CCCC)C5=O,4.92,1,0.0,4.92,4.92,train
CCCCCCc1ccsc1,CCn1nc2c(-c3cc4c(s3)-c3cc5c(cc3C4(CC)CC)-c3sc(-c4c6ccsc6c(/C=c6\sc(=C(C#N)C#N)n(CC)c6=O)c6nn(CC)nc46)cc3C5(CC)CC)c3ccsc3c(/C=c3\sc(=C(C#N)C#N)n(CC)c3=O)c2n1,7.72,1,0.0,7.72,7.72,train
CCCCCCCCC(CCCCCC)C(=O)c1ccc(/C=C/c2cc(-c3cccs3)sc2-c2ccc(-c3cccs3)s2)s1,CCCCCCCCCCCCC(CCCCCCCCCC)CN1C(=O)c2ccc3c4ccc5c6c(cc(-c7cc8sc9ccsc9c8s7)c(c7ccc(c2c37)C1=O)c64)C(=O)N(CC(CCCCCCCCCC)CCCCCCCCCCCC)C5=O,0.43,3,0.0838649708360608,0.42,0.57,train
CCCCCCc1cc(C)sc1C,CCCCCCN1C(=O)c2ccc(-c3cc4ccc5ccc6ccc7ccc3c3c7c6c5c43)cc2C1=O,0.32,1,0.0,0.32,0.32,train
CCCCC(CC)Cc1ccc(-c2c3cc(-c4ccc(-c5sc(-c6cccs6)c6c5C(=O)c5c(CC(CC)CCCC)sc(CC(CC)CCCC)c5C6=O)s4)sc3c(-c3ccc(CC(CC)CCCC)s3)c3ccsc23)s1,CCCCC(CC)Cc1ccc(-c2c3cc(-c4ccc(-c5sc(-c6cccs6)c6c5C(=O)c5c(CC(CC)CCCC)sc(CC(CC)CCCC)c5C6=O)s4)sc3c(-c3ccc(CC(CC)CCCC)s3)c3ccsc23)s1,0.4,3,5.034980966531387,0.26,9.05,train
CCCCC(CC)Cc1cc(C)sc1-c1nc2sc(-c3sc(-c4cc5c(s4)-c4sc(C)cc4[Si]5(CC(CC)CCCC)CC(CC)CCCC)cc3CC(CC)CCCC)nc2s1,CCCCCCCCCCCCC(CCCCCCCCCC)CN1C(=O)c2ccc3c4c(ccc(c24)C1=O)-c1nc2c(-c4ccccc4)c4nc5c(nc4c(-c4ccccc4)c2nc1-3)-c1ccc2c3c(ccc-5c13)C(=O)N(CC(CCCCCCCCCC)CCCCCCCCCCCC)C2=O,1.44,1,0.0,1.44,1.44,train
CCCCCCc1cc(C)sc1C,CCCCCCCCN1C(=O)c2c(c(-c3cccs3)c3c(c2-c2cccs2)-c2cccc4c(-c5ccc(C=O)cc5)ccc-3c24)C1=O,2.4,1,0.0,2.4,2.4,train
CCCCCCCCC(CCCCCC)C(=O)c1ccc(/C=C/c2cc(-c3cccs3)sc2-c2ccc(-c3cccs3)s2)s1,CCCCC(=O)OCC1(c2ccccc2)C2=CC=Cc3cccc4cccc5ccc6ccccc7cccc1c7c6c5c-4c3C2,1.21,1,0.0,1.21,1.21,train
CCCCCCCCCCc1c(C)sc(C)c1C#Cc1ccc(/C=C(/C#N)C(=O)OC)s1,CCCCC(=O)OCC1(c2ccccc2)c2cccc3cccc4cccc5cccc6cccc1c6c-5c-4c-3c2,1.28,1,0.0,1.28,1.28,train
CCCCC(CC)Cc1ccc(-c2c3cc(-c4ccc(-c5sc(-c6cccs6)c6c5C(=O)c5c(CC(CC)CCCC)sc(CC(CC)CCCC)c5C6=O)s4)sc3c(-c3ccc(CC(CC)CCCC)s3)c3ccsc23)s1,CCc1c(/C=C2\C(=O)c3ccc(C)cc3C2=C(C#N)C#N)sc2c1sc1c3c4nsnc4c4c5sc6c(CC)c(/C=C7\C(=O)c8ccc(C)cc8C7=C(C#N)C#N)sc6c5n(CC)c4c3n(CC)c21,11.94,5,1.1529223737962584,11.55,14.24,train
CCCCCC(CC)Oc1c2cc(-c3ccc(C4=C5C(=O)N(CC(CC)CCCC)C(c6cccs6)=C5C(=O)N4CC(CC)CCCC)s3)sc2c(OCC(CC)CCCC)c2ccsc12,CCCCC(=O)OCC1(c2ccccc2)C2=CC=Cc3cccc4cccc5ccc6ccccc7cccc1c7c6c5c-4c3C2,1.31,1,0.0,1.31,1.31,train
CCCCCCCCC(CCCCCC)COc1cnc2c(-c3cccs3)c(F)c(F)cc2n1,CCCCC(CC)CC1(CC(CC)CCCC)c2cc(/C=C3\C(=O)c4cc(F)c(F)cc4C3=C(C#N)C#N)sc2-c2sc(-c3c(F)c(F)c(-c4cc5c(s4)-c4sc(/C=C6\C(=O)c7cc(F)c(F)cc7C6=C(C#N)C#N)cc4C5(CC(CC)CCCC)CC(CC)CCCC)c4nsnc34)cc21,12.05,1,0.0,12.05,12.05,train
CCCCC(CC)Cc1ccc(-c2c3cc(-c4ccc(-c5sc(-c6cccs6)c6c5C(=O)c5c(CC(CC)CCCC)sc(CC(CC)CCCC)c5C6=O)s4)sc3c(-c3ccc(CC(CC)CCCC)s3)c3ccsc23)s1,CCC1(CC)c2cc(/C=C3\C(=O)c4cc(F)c(F)cc4C3=C(C#N)C#N)sc2-c2sc(-c3c(F)c(F)c(-c4cc5c(s4)-c4sc(/C=C6\C(=O)c7cc(F)c(F)cc7C6=C(C#N)C#N)cc4C5(CC)CC)c4nsnc34)cc21,8.45,1,0.0,8.45,8.45,train
CCCCCCCCCCc1c(C)sc(C)c1C#Cc1ccc(C=O)cc1,CCCCC(=O)OCC1(c2ccccc2)c2cccc3cccc4cccc5cccc6cccc1c6c-5c-4c-3c2,0.47,1,0.0,0.47,0.47,train
CCCCCCc1cc(C)sc1C,CCCCC(=O)OCC1(c2ccccc2)C2=CC=Cc3cccc4cccc5ccc6ccccc7cccc1c7c6c5c-4c3C2,2.935,20,1.1080398767287452,1.12,6.13,train
CCCCCCc1ccsc1,CCN1C(=O)C2=C(c3ccc(-c4ccc5c(c4)C(CC)(CC)c4cc(-c6ccc(C7=C8C(=O)N(CC)C(c9ccc(-c%10ccccc%10)s9)=C8C(=O)N7CC)s6)ccc4-5)s3)N(CC)C(=O)C2=C1c1ccc(-c2ccccc2)s1,1.65,4,1.3071470205502262,0.07,3.17,train
CCCCC(CC)Cc1csc(-c2c3cc(-c4ccc(-c5sc(-c6cccs6)c6c5C(=O)c5c(CC(CC)CCCC)sc(CC(CC)CCCC)c5C6=O)s4)sc3c(-c3cc(CC(CC)CCCC)cs3)c3ccsc23)c1,CCCCC(=O)OCC1(c2ccccc2)c2cccc3cccc4cccc5cccc6cccc1c6c-5c-4c-3c2,7.07,1,0.0,7.07,7.07,train
CCCCC(CC)C[Si]1(CC(CC)CCCC)c2ccsc2-c2sc(-c3cccc4nsnc34)cc21,CCCCC(=O)OCC1(c2ccccc2)c2cccc3cccc4cccc5cccc6cccc1c6c-5c-4c-3c2,4.4350000000000005,2,0.0212132034355969,4.42,4.45,train
CCCCCCCCCCOc1cccc2c(OCCCCCCCCCC)c(-c3ccc(-c4ccc(-c5cccs5)c5nsnc45)s3)ccc12,CCCCC(=O)OCC1(c2ccccc2)C2=CC=Cc3cccc4cccc5ccc6ccccc7cccc1c7c6c5c-4c3C2,4.08,2,0.098994949366117,4.01,4.15,train
CCCCCCc1ccsc1,CCN1C(=O)c2c(c(-c3cccs3)c3c(c2-c2cccs2)-c2cccc4c(-c5ccc(CO)cc5)ccc-3c24)C1=O,2.4,1,0.0,2.4,2.4,train
CCCCCCc1cc(C)sc1C,CCCCCCN1C(=O)c2cccc3c(-c4cc5ccc6ccc7ccc8ccc4c4c8c7c6c54)ccc(c23)C1=O,1.03,1,0.0,1.03,1.03,train
CCCCC(CC)COC(=O)c1sc2c(-c3cc4c(OCC(CC)CCCC)c5sccc5c(OCC(CC)CCCC)c4s3)scc2c1F,Clc1cc2c(cc1Cl)C1=[N+]3C2=Nc2c4cc(Cl)c(Cl)cc4c4n2[B-]3(Oc2ccccc2)n2c(c3cc(Cl)c(Cl)cc3c2=N4)=N1,2.6,1,0.0,2.6,2.6,train
CCCCCCCCc1ccc(-c2c3sc4cc(-c5ccc(-c6sc(-c7cccs7)c7c6C(=O)c6c(CC(CC)CCCC)sc(CC(CC)CCCC)c6C7=O)s5)sc4c3c(-c3ccc(CCCCCCCC)s3)c3sc4ccsc4c23)s1,CCCCCCCCc1ccc(-c2c3sc4cc(-c5ccc(-c6sc(-c7cccs7)c7c6C(=O)c6c(CC(CC)CCCC)sc(CC(CC)CCCC)c6C7=O)s5)sc4c3c(-c3ccc(CCCCCCCC)s3)c3sc4ccsc4c23)s1,8.35,4,0.9733105020153294,7.16,9.54,train
CCCCCCC(CCCC)CCc1c2cc(-c3ccc(-c4c(F)c(F)c(-c5cccs5)c5nn(CC(CCCC)CCCCCC)nc45)s3)sc2c(CCC(CCCC)CCCCCC)c2ccsc12,CCc1ccc(C2(c3ccc(CC)cc3)Oc3c(sc4c5c(sc34)-c3sc(/C=C4\C(=O)c6ccc(F)cc6C4=C(C#N)C#N)cc3C(c3ccc(CC)cc3)(c3ccc(CC)cc3)O5)-c3sc(/C=C4\C(=O)c5ccc(F)cc5C4=C(C#N)C#N)cc32)cc1,9.12,1,0.0,9.12,9.12,train
CCCCCCc1ccsc1,CCCCCCCCCCC(CCCCCCCC)CN1C(=O)c2ccc3c4c(c(-c5ccc(-c6cccs6)s5)cc(c24)C1=O)C(=O)N(C(CCCCCCCC)CCCCCCCCCC)C3=O,0.125,2,0.0494974746830583,0.09,0.16,train
CCCCCCCCC(CCCCCCCC)n1c2ccccc2c2ccc(-c3cc(/C=C/c4ccc(C=C5C(=O)N(CC)C(=S)N(CC)C5=O)s4)cs3)cc21,CCCCC(=O)OCC1(c2ccccc2)c2cccc3cccc4cccc5cccc6cccc1c6c-5c-4c-3c2,0.815,4,0.2121320343559642,0.49,1.0,train
CCCCCCc1ccsc1,CCCCCCCCOc1cccc(-c2nc3c4ccsc4c4sc(-c5cccs5)cc4c3nc2-c2cccc(OCCCCCCCC)c2)c1,3.225,2,0.431335136523794,2.92,3.53,train
CCCCCCc1ccsc1,CCCCCCc1csc(-c2cccc3nsnc23)c1,0.19,1,0.0,0.19,0.19,train
CCCCC(CC)Cc1sc(-c2c3cc(-c4ccc(-c5sc(-c6cccs6)c6c5C(=O)c5c(CC(CC)CCCC)sc(CC(CC)CCCC)c5C6=O)s4)sc3c(-c3cc(Cl)c(CC(CC)CCCC)s3)c3ccsc23)cc1Cl,CCCCC(CC)CC1(CC(CC)CCCC)c2cc(/C=C3\C(=O)c4ccccc4C3=C(C#N)C#N)sc2-c2sc(-c3ccc(-c4cc5c(s4)-c4sc(/C=C6\C(=O)c7ccccc7C6=C(C#N)C#N)cc4C5(CC(CC)CCCC)CC(CC)CCCC)c4nsnc34)cc21,2.8,1,0.0,2.8,2.8,train
c1csc(-c2ccc(-c3ccc(-c4ccc(-c5ccc(-c6cccs6)s5)s4)s3)s2)c1,Cl[Al]1n2c3c4ccccc4c2N=C2N=C(N=c4c5ccccc5c(n41)=NC1=NC(=N3)c3ccccc31)c1ccccc12,2.16,7,0.5059456021954853,1.23,2.48,train
CCCCC(CC)Cc1ccc(-c2c3cc(-c4ccc(-c5sc(-c6cccs6)c6c5C(=O)c5c(CC(CC)CCCC)sc(CC(CC)CCCC)c5C6=O)s4)sc3c(-c3ccc(CC(CC)CCCC)s3)c3ccsc23)s1,CCCCC(CC)CC1(CC(CC)CCCC)c2cc(/C=C3\C(=O)c4cc(Cl)c(Cl)cc4C3=C(C#N)C#N)sc2-c2sc(-c3ccc(-c4cc5c(s4)-c4sc(/C=C6\C(=O)c7cc(Cl)c(Cl)cc7C6=C(C#N)C#N)cc4C5(CC(CC)CCCC)CC(CC)CCCC)c4nsnc34)cc21,10.2,1,0.0,10.2,10.2,train
CCCCCCc1csc2c(CCCCCC)c(-c3ccc(C4=C5C(=O)N(CC(CC)CCCC)C(c6cccs6)=C5C(=O)N4CC(CC)CCCC)s3)sc12,CCCCC(=O)OCC1(c2ccccc2)C2=CC=Cc3cccc4cccc5ccc6ccccc7cccc1c7c6c5c-4c3C2,1.88,2,0.0282842712474616,1.86,1.9,train
CCCCCCc1ccsc1,CCc1ccc(C2(c3ccc(CC)cc3)c3cc4c(cc3-c3sc(/C=c5/sc(=C(C#N)C#N)n(CC)c5=O)cc32)C(c2ccc(CC)cc2)(c2ccc(CC)cc2)c2cc(/C=c3/sc(=C(C#N)C#N)n(CC)c3=O)sc2-4)cc1,1.57,1,0.0,1.57,1.57,train
CCCCCCCCC(CCCCCC)CN1C(=O)C2=C(c3ccc(-c4cccs4)cn3)N(CC(CCCCCC)CCCCCCCC)C(=O)C2=C1c1ccccn1,CCCCC(=O)OCC1(c2ccccc2)c2cccc3cccc4cccc5cccc6cccc1c6c-5c-4c-3c2,4.61,1,0.0,4.61,4.61,train
CCCCCCCCCCc1ccc(-c2csc(-c3sccc3-c3ccc(CCCCCCCCCC)cc3)c2)cc1,CCCCC(=O)OCC1(c2ccccc2)c2cccc3cccc4cccc5cccc6cccc1c6c-5c-4c-3c2,0.85,1,0.0,0.85,0.85,train
CCCCCCCCCCc1c(C)sc(C)c1C#Cc1ccc(/C=C(/C#N)C(=O)OC)cc1,CCCCC(=O)OCC1(c2ccccc2)c2cccc3cccc4cccc5cccc6cccc1c6c-5c-4c-3c2,0.56,1,0.0,0.56,0.56,train
CCCCCCc1ccsc1,CCCCCCN1C(=O)c2ccc(/C=C/c3ccc(/C=C/c4ccc5c(c4)C(=O)N(CCCCCC)C5=O)c4nsnc34)cc2C1=O,2.54,1,0.0,2.54,2.54,train
CCCCCCCCn1c(-c2cccs2)c2c(c1-c1ccc(-c3cc4c(OCC(CC)CCCC)c5sccc5c(OCC(CC)CCCC)c4s3)s1)C(=O)N(CCCCCCC)C2=O,CCCCC(=O)OCC1(c2ccccc2)C2=CC=Cc3cccc4cccc5ccc6ccccc7cccc1c7c6c5c-4c3C2,3.66,2,2.842569260369921,1.65,5.67,train
CCCCCCc1ccsc1,CCCCCCCCN1C(=O)c2cc(-c3ccc(C=C4C(=O)c5ccccc5C4=O)s3)c3c4c(cc(-c5ccc(C=C6C(=O)c7ccccc7C6=O)s5)c(c24)C1=O)C(=O)N(CCCCCCCC)C3=O,3.52,2,0.0,3.52,3.52,train
CCCCCCCCOc1c2cc(-c3cc(C(=O)OCCCCCC)cs3)sc2c(OCCCCCCCC)c2ccsc12,CCCCC(=O)OCC1(c2ccccc2)c2cccc3cccc4cccc5cccc6cccc1c6c-5c-4c-3c2,2.13,3,0.4067349669420286,1.54,2.32,train
CCCCC(CC)Cc1ccc(-c2c3cc(-c4ccc(-c5sc(-c6cccs6)c6c5C(=O)c5c(CC(CC)CCCC)sc(CC(CC)CCCC)c5C6=O)s4)sc3c(-c3ccc(CC(CC)CCCC)s3)c3ccsc23)s1,CCC1(CC)C2=C(c3ccc(-c4ccc(/C=C5\C(=O)c6cc(F)c(F)cc6C5=C(C#N)C#N)s4)cc31)C(CC)(CC)c1cc(-c3ccc(/C=C4\C(=O)c5cc(F)c(F)cc5C4=C(C#N)C#N)s3)ccc12,6.64,1,0.0,6.64,6.64,train
CCCCCCc1cc(C)sc1C,CCCCCCCCN1C(=O)c2c(c(-c3cccs3)c3c(c2-c2cccs2)-c2cccc4c(C(=O)OC)ccc-3c24)C1=O,1.61,1,0.0,1.61,1.61,train
CCCCCCc1ccsc1,CCN1C(=O)c2ccc3c4c(ccc(c24)C1=O)C(=O)N(c1ccc(-c2ccc(-c4cc5c6c(c(-c7ccc(-c8ccc(N9C(=O)c%10ccc%11c%12c(ccc(c%10%12)C9=O)C(=O)N(CC)C%11=O)cc8)s7)cc7c6c4C(=O)N(CC)C7=O)C(=O)N(CC)C5=O)s2)cc1)C3=O,7.65,1,0.0,7.65,7.65,train
CCCCCCCCCCCCOC(=O)c1cc2c(C)sc(-c3cc4c(OCCCCCCCC)c5sc(C)cc5c(OCCCCCCCC)c4s3)c2s1,Clc1cc2c(cc1Cl)C1=[N+]3C2=Nc2c4cc(Cl)c(Cl)cc4c4n2[B-]3(Oc2ccccc2)n2c(c3cc(Cl)c(Cl)cc3c2=N4)=N1,0.7,1,0.0,0.7,0.7,train
CCCCCCCCC(CCCCCCCC)n1c2ccccc2c2ccc(-c3cc(/C=C/c4ccc(C=C5C(=O)N(CC)C(=S)N(CC)C5=O)s4)cs3)cc21,CCCCC(=O)OCC1(c2ccccc2)C2=CC=Cc3cccc4cccc5ccc6ccccc7cccc1c7c6c5c-4c3C2,1.3,1,0.0,1.3,1.3,train
CCCCC(CC)COC(=O)c1sc2c(-c3cc4c(-c5ccc(CC(CC)CCCC)s5)c5sc(C)cc5c(-c5ccc(CC(CC)CCCC)s5)c4s3)sc(C)c2c1F,CCc1c(C=C2C(=O)c3cc(Cl)c(Cl)cc3C2=O)sc2c1sc1c3c4nsnc4c4c5sc6c(CC)c(C=C7C(=O)c8cc(Cl)c(Cl)cc8C7=O)sc6c5n(CC)c4c3n(CC)c21,1.19,1,0.0,1.19,1.19,train
CCOCCOCCOc1cc(-c2ccc(-c3cc(OCCOCCOCC)c(-c4ccc(C)s4)s3)s2)sc1C,CCOCCOCCOc1ccc(-c2nc3c(-c4ccc5nsnc5c4)c4nsnc4c(-c4ccc5nsnc5c4)c3nc2-c2ccc(OCCOCCOCC)cc2)cc1,0.18,1,0.0,0.18,0.18,train
CCCCCCCCN1C(=O)c2csc(-c3cc4c(-c5ccc(CC(CC)CCCC)s5)c5sccc5c(-c5ccc(CC(CC)CCCC)s5)c4s3)c2C1=O,CCCCCCCCC(CCCCCC)CN1C(=O)c2ccc3c4c(c(-c5ccc(/C(C#N)=C/c6cccs6)s5)cc(c24)C1=O)C(=O)N(CC(CCCCCC)CCCCCCCC)C3=O,7.4,1,0.0,7.4,7.4,train
CCCCCCc1cc(C)sc1C,CCCCCC(C)N1C(=O)c2ccc(C#Cc3ccc(C#Cc4ccc5c(c4)C(=O)N(C(C)CCCCC)C5=O)c4nsnc34)cc2C1=O,2.05,1,0.0,2.05,2.05,train
CCCCCCCCN1C(=O)c2csc(-c3cc4c(-c5ccc(CC(CC)CCCC)s5)c5sccc5c(-c5ccc(CC(CC)CCCC)s5)c4s3)c2C1=O,CCCCCCCCCCC(CCCCCCCC)CN1C(=O)c2ccc3c4c(c(-c5ccc(/C(C#N)=C/c6cccs6)s5)cc(c24)C1=O)C(=O)N(CC(CCCCCCCC)CCCCCCCCCC)C3=O,6.5,1,0.0,6.5,6.5,train
CCCCC(CC)Cn1c2ccccc2c2cc(-c3cccc4nc5c(nc34)-c3cccc4cccc-5c34)ccc21,CCCCC(=O)OCC1(c2ccccc2)c2cccc3cccc4cccc5cccc6cccc1c6c-5c-4c-3c2,0.19,1,0.0,0.19,0.19,train
CCCCCCCCC(CCCCCCCC)n1c2ccccc2c2ccc(-c3cc(CCCCCC)c(-c4ccc(-c5c(F)c(F)c(-c6ccc(-c7sccc7CCCCCC)s6)c6nsnc56)s4)s3)cc21,CCCCC(=O)OCC1(c2ccccc2)C2=CC=Cc3cccc4cccc5ccc6ccccc7cccc1c7c6c5c-4c3C2,1.98,1,0.0,1.98,1.98,train
CCCCCCCCC(CCCCCC)Cn1nc2c(-c3cccs3)c(F)c(F)c(-c3ccc(-c4cc5c(-c6cc(Cl)c(CC(CC)CCCC)s6)c6sccc6c(-c6cc(Cl)c(CC(CC)CCCC)s6)c5s4)s3)c2n1,CCCCCCCCCCC(CCCCCCCC)CN1C(=O)c2ccc3c4c(c(-c5ccc(-c6cccs6)s5)cc(c24)C1=O)C(=O)N(CC(CCCCCCCC)CCCCCCCCCC)C3=O,9.02,1,0.0,9.02,9.02,train
CCCCCCCCc1ccc(N2C(=O)c3csc(-c4cc5c(-c6ccc(CC(CC)CCCC)s6)c6sccc6c(-c6ccc(CC(CC)CCCC)s6)c5s4)c3C2=O)cc1,CCCCCCCCCCC(CCCCCCCC)CN1C(=O)c2ccc3c4c(c(-c5ccc(-c6cccs6)s5)cc(c24)C1=O)C(=O)N(CC(CCCCCCCC)CCCCCCCCCC)C3=O,3.27,7,0.8661188744981284,1.64,4.35,train
CCCCCCC(CCCC)COC(=O)c1ccsc1-c1ccc(-c2ccc(-c3sccc3C(=O)OCC(CCCC)CCCCCC)s2)s1,CCCCC(=O)OCC1(c2ccccc2)c2cccc3cccc4cccc5cccc6cccc1c6c-5c-4c-3c2,4.9,2,0.0,4.9,4.9,train
CCCCC(CC)Cc1ccc(-c2c3cc(-c4ccc(-c5sc(-c6cccs6)c6c5C(=O)c5c(CC(CC)CCCC)sc(CC(CC)CCCC)c5C6=O)s4)sc3c(-c3ccc(CC(CC)CCCC)s3)c3ccsc23)s1,CCCCCCCCC1(CCCCCCCC)Oc2cc3c(cc2-c2sccc21)OC(CCCCCCCC)(CCCCCCCC)c1cc(-c2c(C#N)c(C#N)cc4nsnc24)sc1-3,12.1,1,0.0,12.1,12.1,train
CCCCC(CC)COC(=O)c1cc2csc(-c3cc4c5cc(CC(CC)CCCC)c(CC(CC)CCCC)cc5c5ccsc5c4s3)c2s1,CCCCC(=O)OCC1(c2ccccc2)c2cccc3cccc4cccc5cccc6cccc1c6c-5c-4c-3c2,0.43,1,0.0,0.43,0.43,train
CCCCC(CC)Cc1sc(-c2c3cc(-c4ccc(-c5sc(-c6ccc(C)s6)c6c5C(=O)c5c(CC(CC)CCCC)sc(CC(CC)CCCC)c5C6=O)s4)sc3c(-c3cc(F)c(CC(CC)CCCC)s3)c3cc(C)sc23)cc1F,CCCCCC(CCCCC)N1C(=O)c2cc3c(cc2C1=O)C1=[N+]2C3=Nc3c4cc5c(cc4c4n3[B-]2(Cl)n2c(c3cc6c(cc3c2=N4)C(=O)N(C(CCCCC)CCCCC)C6=O)=N1)C(=O)N(C(CCCCC)CCCCC)C5=O,2.67,1,0.0,2.67,2.67,train
CCCCC(CC)CN1C(=O)C2=C(c3ccc(-c4cccs4)o3)N(CC(CC)CCCC)C(=O)C2=C1c1ccco1,CCCCC(=O)OCC1(c2ccccc2)C2=CC=Cc3cccc4cccc5ccc6ccccc7cccc1c7c6c5c-4c3C2,4.15,4,1.728457886865245,0.94,4.7,train
CCCCCCc1ccsc1,CCCCC(CC)CN1C(=O)c2ccc3c4c(c(-c5ccc6c7ccccc7n(CC(CC)CCCC)c6c5)cc(c24)C1=O)C(=O)N(CC(CC)CCCC)C3=O,0.009,1,0.0,0.009,0.009,train
CCCCCCCCC(CCCCCC)Cc1ccc(/C=C/c2cc(-c3cccs3)sc2-c2ccc(-c3cccs3)s2)s1,CCCCC(=O)OCC1(c2ccccc2)C2=CC=Cc3cccc4cccc5ccc6ccccc7cccc1c7c6c5c-4c3C2,2.8,1,0.0,2.8,2.8,train
CCCCCCc1ccsc1,CCCCC(CC)CN1C(=O)c2ccc3c4c(-c5ccc(-c6ccc7c8ccccc8n(CC(CC)CCCC)c7c6)s5)cc5c6c(ccc(c7c(-c8cccs8)cc(c2c37)C1=O)c64)C(=O)N(CC(CC)CCCC)C5=O,0.315,6,0.2382995314025327,0.07,0.68,train
CCCCCCc1ccsc1,CCCCCCC(CCCC)CN1C(=O)c2cccc3c(-c4ccc(-c5ccc6c(c5)C(=O)c5cc(-c7ccc(-c8ccc9c%10c(cccc8%10)C(=O)N(CC(CCCC)CCCCCC)C9=O)s7)ccc5-6)s4)ccc(c23)C1=O,3.7,2,0.1414213562373091,3.6,3.8,train
CCCCC(CC)COc1cccc2c(OCC(CC)CCCC)c(-c3ccc(-c4ccc(-c5cccs5)c5nsnc45)s3)ccc12,CCCCC(=O)OCC1(c2ccccc2)C2=CC=Cc3cccc4cccc5ccc6ccccc7cccc1c7c6c5c-4c3C2,2.025,2,0.0212132034355966,2.01,2.04,train
CCCCC(CC)CN1C(=O)/C(=C2/C(=O)N(CC(CC)CCCC)c3cc(-c4cc5c(s4)-c4sccc4[Si]5(CC(CC)CCCC)CC(CC)CCCC)ccc32)c2ccccc21,CCCCC(=O)OCC1(c2ccccc2)C2=CC=Cc3cccc4cccc5ccc6ccccc7cccc1c7c6c5c-4c3C2,2.62,3,1.2815745523898845,1.45,4.01,train
CCCCCCc1cc(C)sc1C,CCN1C(=O)C2=C(c3ccc(-c4ccc5c6ccc(-c7ccc(C8=C9C(=O)N(CC)C(c%10cccs%10)=C9C(=O)N8CC)s7)cc6n(CC)c5c4)s3)N(CC)C(=O)C2=C1c1cccs1,2.3,1,0.0,2.3,2.3,train
CCCCC(CC)COc1c2cc(-c3sc(-c4nnc(-c5cc(CC(CC)CCCC)cs5)nn4)cc3CC(CC)CCCC)sc2c(OCC(CC)CCCC)c2ccsc12,CCCCC(=O)OCC1(c2ccccc2)c2cccc3cccc4cccc5cccc6cccc1c6c-5c-4c-3c2,6.7,1,0.0,6.7,6.7,train
CCCCCCc1ccsc1,CCCCC(CC)CN1C(=O)c2ccc3c4ccc5c6c(cc(-c7ccc8c9ccccc9n(CC(CC)CCCC)c8c7)c(c7ccc(c2c37)C1=O)c64)C(=O)N(CC(CC)CCCC)C5=O,0.1,1,0.0,0.1,0.1,train
CCCCCCc1ccsc1,CCCCC(CC)C[Si]1(CC(CC)CCCC)c2ccsc2-c2sc(-c3cccc4nsnc34)cc21,2.2,1,0.0,2.2,2.2,train
CC1(C)c2ccccc2-c2ccc(N(c3ccccc3)c3ccc(-c4ccc(N(c5ccccc5)c5ccc6c(c5)C(C)(C)c5ccccc5-6)cc4)cc3)cc21,Cc1nc(-c2cc(-c3ccncc3)cc(-c3ccncc3)c2)cc(-c2cc(-c3ccncc3)cc(-c3ccncc3)c2)n1,0.87,1,0.0,0.87,0.87,train
CCCCC(CC)Cc1ccc(-c2c3cc(-c4ccc(-c5sc(-c6cccs6)c6c5C(=O)c5c(CC(CC)CCCC)sc(CC(CC)CCCC)c5C6=O)s4)sc3c(-c3ccc(CC(CC)CCCC)s3)c3ccsc23)s1,CCCCC(=O)OCC1(c2ccccc2)c2cccc3cccc4cccc5cccc6cccc1c6c-5c-4c-3c2,7.31,28,1.244251118770181,4.36,9.2,train
CCCCC(CC)COC(=O)c1sc2c(-c3cc4c(OCC(CC)CCCC)c5sccc5c(OCC(CC)CCCC)c4s3)scc2c1F,CCCCC(CC)CN1C(=O)c2ccc3c4ccc5c6c(cc(-c7ccccc7C(C)C)c(c7ccc(c2c37)C1=O)c64)C(=O)N(CC(CC)CCCC)C5=O,0.75,1,0.0,0.75,0.75,train
CCCCC(CC)Cc1ccc(-c2c3cc(-c4ccc(-c5sc(-c6cccs6)c6c5C(=O)c5c(CC(CC)CCCC)sc(CC(CC)CCCC)c5C6=O)s4)sc3c(-c3ccc(CC(CC)CCCC)s3)c3ccsc23)s1,CCCCC(=O)OCC1(c2ccccc2)C2=CC=Cc3cccc4cccc5ccc6ccccc7cccc1c7c6c5c-4c3C2,5.635,8,0.7520970682033005,4.86,7.42,train
CCCCCCCCCCCCc1ccsc1/C=C/c1sccc1CCCCCCCCCCCC,CCCCC(=O)OCC1(c2ccccc2)C2=CC=Cc3cccc4cccc5ccc6ccccc7cccc1c7c6c5c-4c3C2,0.53,1,0.0,0.53,0.53,train
CCCCCCc1cc(C)sc1C,CC(C)(C)c1ccc2c(c1)c1cc(C(C)(C)C)ccc1n2CCCCCCN1c2ccccc2Sc2cc(C=C(C#N)C#N)ccc21,4.16,1,0.0,4.16,4.16,train
CCCCC(CC)COC(=O)c1sc2c(-c3cc4c(-c5ccc(CC(CC)CCCC)s5)c5sc(C)cc5c(-c5ccc(CC(CC)CCCC)s5)c4s3)sc(C)c2c1F,CCCCCCC(CCCC)CN1C(=O)c2ccc3c4c(ccc(c24)C1=O)-c1c-3nc2cc3c(-c4ccccc4)c4c(nc3cc2c1-c1ccccc1)-c1ccc2c3c(ccc-4c13)C(=O)N(CC(CCCC)CCCCCC)C2=O,3.0,1,0.0,3.0,3.0,train
CCCCC(CC)Cc1sc(-c2c3cc(-c4ccc(-c5sc(-c6ccc(C)s6)c6c5C(=O)c5c(CC(CC)CCCC)sc(CC(CC)CCCC)c5C6=O)s4)sc3c(-c3cc(F)c(CC(CC)CCCC)s3)c3cc(C)sc23)cc1F,CCCCN1C(=O)c2cc3c(cc2C1=O)C1=[N+]2C3=Nc3c4cc5c(cc4c4n3[B-]2(Cl)n2c(c3cc6c(cc3c2=N4)C(=O)N(CCCC)C6=O)=N1)C(=O)N(CCCC)C5=O,3.15,1,0.0,3.15,3.15,train
CCCCC(CC)Cc1ccc(-c2c3cc(-c4ccc(-c5sc(-c6cccs6)c6c5C(=O)c5c(CC(CC)CCCC)sc(CC(CC)CCCC)c5C6=O)s4)sc3c(-c3ccc(CC(CC)CCCC)s3)c3ccsc23)s1,CCOc1c(OCC)c(-c2cc3c(s2)-c2sc(/C=C4\C(=O)c5cc(F)c(F)cc5C4=C(C#N)C#N)cc2C3(CC)CC)c2nsnc2c1-c1cc2c(s1)-c1sc(/C=C3\C(=O)c4cc(F)c(F)cc4C3=C(C#N)C#N)cc1C2(CC)CC,11.85,1,0.0,11.85,11.85,train
CCCCC(CC)Cc1ccc(-c2c3cc(-c4ccc(-c5sc(-c6cccs6)c6c5C(=O)c5c(CC(CC)CCCC)sc(CC(CC)CCCC)c5C6=O)s4)sc3c(-c3ccc(CC(CC)CCCC)s3)c3ccsc23)s1,CCCCCCCCN1C(=O)c2c(-c3ccccc3)cc3c4c(cc(-c5ccccc5)c(c24)C1=O)C1C=C(c2ccccc2)C2=C4C1=C3C=C(c1ccccc1)C4C(=O)N(CCCCCCCC)C2=O,1.08,3,0.140118997046558,1.01,1.28,train
CCCCCCCCC1(CCCCCCCC)c2ccccc2-c2ccc(-c3ccc(-c4c(F)c(F)c(-c5cccs5)c5nsnc45)s3)cc21,CCCCC(=O)OCC1(c2ccccc2)C2=CC=Cc3cccc4cccc5ccc6ccccc7cccc1c7c6c5c-4c3C2,2.7,3,1.1532562594670797,2.2,4.4,train
CCCCC(CC)Cc1ccc(-c2c3cc(-c4ccc(-c5sc(-c6cccs6)c6c5C(=O)c5c(CC(CC)CCCC)sc(CC(CC)CCCC)c5C6=O)s4)sc3c(-c3ccc(CC(CC)CCCC)s3)c3ccsc23)s1,CCOc1cc(-c2cc3c(s2)-c2sc(/C=C4\C(=O)c5ccccc5C4=C(C#N)C#N)cc2C3(CC)CC)c(OCC)cc1-c1cc2c(s1)-c1sc(/C=C3\C(=O)c4ccccc4C3=C(C#N)C#N)cc1C2(CC)CC,11.1,2,0.0,11.1,11.1,train
CCCCC(CC)Cc1ccc(-c2c3cc(-c4ccc(-c5sc(-c6ccc(C)s6)c6c5C(=O)c5c(CC(CC)CCCC)sc(CC(CC)CCCC)c5C6=O)s4)sc3c(-c3ccc(CC(CC)CCCC)s3)c3cc(C)sc23)s1,CCCCC(CC)CC1(CC(CC)CCCC)c2cc(/C=C3\C(=O)c4ccccc4C3=C(C#N)C#N)sc2-c2sc(-c3cc(F)c(-c4cc5c(s4)-c4sc(/C=C6\C(=O)c7ccccc7C6=C(C#N)C#N)cc4C5(CC(CC)CCCC)CC(CC)CCCC)cc3F)cc21,8.43,1,0.0,8.43,8.43,train
CCCCCCCCc1ccc(-c2csc(-c3sccc3-c3ccc(CCCCCCCC)cc3)c2)cc1,CCCCC(=O)OCC1(c2ccccc2)c2cccc3cccc4cccc5cccc6cccc1c6c-5c-4c-3c2,2.13,1,0.0,2.13,2.13,train
CCCCCCCCc1ccc(N2C(=O)c3csc(-c4cc5c(-c6ccc(CC(CC)CCCC)s6)c6sccc6c(-c6ccc(CC(CC)CCCC)s6)c5s4)c3C2=O)cc1,CCCCCCCCCCC(CCCCCCCC)CN1C(=O)c2ccc3c4c(c(-c5ccc(-c6cccs6)s5)cc(c24)C1=O)C(=O)N(C(CCCCCCCC)CCCCCCCCCC)C3=O,3.29,7,0.5971240598545187,2.4,4.35,train
CCCCC(CC)COC(=O)c1sc2c(-c3cc4c(OCC(CC)CCCC)c5sccc5c(OCC(CC)CCCC)c4s3)scc2c1F,CCCCCCCCCCC(CCCCCCCC)CN1C(=O)c2ccc3c4c(c(-c5ccc(-c6cccs6)s5)cc(c24)C1=O)C(=O)N(CC(CCCCCCCC)CCCCCCCCCC)C3=O,2.94,1,0.0,2.94,2.94,train
CCCCCCc1ccsc1,CCCCC(=O)OCC1(c2ccccc2)c2cccc3cccc4cccc5cccc6cccc1c6c-5c-4c-3c2,2.79,1175,1.549151832921258,2.2e-05,10.02,train
CCCCC(CC)COC(=O)c1sc2c(-c3cc4c(-c5ccc(CC(CC)CCCC)s5)c5sc(C)cc5c(-c5ccc(CC(CC)CCCC)s5)c4s3)sc(C)c2c1F,CCCCCC(CCCCC)N1C(=O)C2=C(CC(C)(C)C)C=c3c4c(c5cccc6c(-c7ccc(-c8ccc9c%10c%11c(c%12cccc8c%129)C=C(C(C)(C)C)C8C(=O)N(C(CCCCC)CCCCC)C(=O)C(=C(CC(C)(C)C)C=%10)C%118)cc7)ccc3c65)C=C(CC(C)(C)C)C(C1=O)C24,0.1,1,0.0,0.1,0.1,train
CCCCCCc1ccsc1,CCCCCCCCCCCCC(CCCCCCCCCC)Cc1csc(-c2ccc(-c3cc(CC(CCCCCCCCCC)CCCCCCCCCCCC)c(-c4cc(F)c(-c5sccc5F)s4)s3)c3nsnc23)c1,2.1,1,0.0,2.1,2.1,train
CCCCCCCCC(CCCCCC)Cn1nc2c(-c3cccs3)c(F)c(F)c(-c3ccc(-c4cc5c(-c6cc(F)c(CC(CC)CCCC)s6)c6sccc6c(-c6cc(F)c(CC(CC)CCCC)s6)c5s4)s3)c2n1,CCCCCCCCCCC(CCCCCCCC)CN1C(=O)c2ccc3c4c(c(-c5ccc(-c6cccs6)s5)cc(c24)C1=O)C(=O)N(CC(CCCCCCCC)CCCCCCCCCC)C3=O,8.1,3,1.5906078502677312,5.9,8.99,train
CCCCC(CC)Cc1ccc(-c2c3cc(-c4ccc(-c5sc(-c6cccs6)c6c5C(=O)c5c(CC(CC)CCCC)sc(CC(CC)CCCC)c5C6=O)s4)sc3c(-c3ccc(CC(CC)CCCC)s3)c3ccsc23)s1,CCCCCCC(CCCCCC)CCN1C(=O)c2ccc3c4c(c(-c5cccs5)cc(c24)C1=O)C(=O)N(CCC(CCCCCC)CCCCCC)C3=O,1.39,3,1.9386937182890271,0.99,4.53,train
CCCCCCc1ccsc1,CCCCC(CC)CN1C(=O)c2ccc3c4ccc5c6c(ccc(c7ccc(c2c37)C1=O)c64)C(=O)N(CC(CC)CCCC)C5=O,0.092,1,0.0,0.092,0.092,train
N#C[S-].[Cu+],CCCCC(=O)OCC1(c2ccccc2)C2=CC=Cc3cccc4cccc5ccc6ccccc7cccc1c7c6c5c-4c3C2,1.1,1,0.0,1.1,1.1,train
CCCCC(CC)COC(=O)c1ccsc1-c1cccs1,CCCCC(=O)OCC1(c2ccccc2)C2=CC=Cc3cccc4cccc5ccc6ccccc7cccc1c7c6c5c-4c3C2,1.69,1,0.0,1.69,1.69,train
CCCCCCCCC(CCCCCCCC)n1c2ccccc2c2ccc(-c3ccc(-c4ccc(-c5cccs5)c5nsnc45)s3)cc21,CCCCC(=O)OCC1(c2ccccc2)C2=CC=Cc3cccc4cccc5ccc6ccccc7cccc1c7c6c5c-4c3C2,4.005,52,1.339151934423081,0.47,6.16,train
CCCCCCc1ccsc1,CCCCCCCCCCC(CCCCCCCC)CN1C(=O)c2ccc3c4c(c(-c5ccc(-c6cccs6)s5)cc(c24)C1=O)C(=O)N(CC(CCCCCCCC)CCCCCCCCCC)C3=O,0.105,8,0.5462273205491334,0.02,1.5,train
CCCCCCCCN1C(=O)C2=C(c3ccc(-c4cc5sc6ccsc6c5s4)s3)N(CCCCCCCC)C(=O)C2=C1c1cccs1,CCCCC(=O)OCC1(c2ccccc2)c2cccc3cccc4cccc5cccc6cccc1c6c-5c-4c-3c2,0.375,2,0.2474873734152916,0.2,0.55,train
c1ccc2cc3cc4cc5ccccc5cc4cc3cc2c1,Cl[Al]1n2c3c4ccccc4c2N=C2N=C(N=c4c5ccccc5c(n41)=NC1=NC(=N3)c3ccccc31)c1ccccc12,1.6,1,0.0,1.6,1.6,train
CCCCCCc1cc(C)sc1C,CCCCC(CC)Cn1c2ccsc2c2sc(-c3ccc(C=C(C#N)C#N)c4nsnc34)cc21,0.4,1,0.0,0.4,0.4,train
CCCCC(CC)COC(=O)c1sc2c(-c3cc4c(-c5ccc(CC(CC)CCCC)s5)c5sccc5c(-c5ccc(CC(CC)CCCC)s5)c4s3)scc2c1Cl,CCCCC(=O)OCC1(c2ccccc2)C2=CC=Cc3cccc4cccc5ccc6ccccc7cccc1c7c6c5c-4c3C2,4.75,1,0.0,4.75,4.75,train
CCCCCCc1cc(C)sc1C,CCCCCCCC[Si]1(CCCCCCCC)c2cc(-c3ccc(C=C4C(=O)c5ccccc5C4=O)s3)ccc2-c2ccc(-c3ccc(C=C4C(=O)c5ccccc5C4=O)s3)cc21,2.85,1,0.0,2.85,2.85,train
CCCCCCCCC(CCCCCC)CN1C(=O)C2=C(c3ccc(-c4cccs4)s3)N(CC(CCCCCC)CCCCCCCC)C(=O)C2=C1c1cccs1,CCCCC(=O)OCC1(c2ccccc2)c2cccc3cccc4cccc5cccc6cccc1c6c-5c-4c-3c2,5.38,7,1.0013276900481396,3.75,6.71,train
CCCCC(CC)COC(=O)c1cc(F)c2sc3ccsc3c(=O)c2c1,CCCCC(=O)OCC1(c2ccccc2)c2cccc3cccc4cccc5cccc6cccc1c6c-5c-4c-3c2,6.2,1,0.0,6.2,6.2,train
CCCCCCCCC(CCCCCC)COC(=O)c1ccsc1-c1ccc(-c2cccs2)s1,CCCCC(=O)OCC1(c2ccccc2)C2=CC=Cc3cccc4cccc5ccc6ccccc7cccc1c7c6c5c-4c3C2,3.25,3,0.5419717089787375,2.79,3.87,train
CCCCCCc1cc(C)sc1C,CCCCCCCCN1C(=O)c2ccc3c4c5c(c6c(-c7ccc(-c8cccs8)s7)cc(c2c36)C1=O)=CC=C1C(=O)N(CCCCCCCC)C(=O)C(C=C4c2ccc(-c3cccs3)s2)C15,0.11,1,0.0,0.11,0.11,train
CCCCCCc1cc(C)sc1C,CCCCCCN1C2=CC3C(=O)c4ccccc4N(CCCCCC)C3C=C2C(=O)C2C=CC=CC21,0.3,1,0.0,0.3,0.3,train
CCCCCCCCC(CCCCCCCC)n1c2ccccc2c2ccc(-c3ccc(-c4ccc(-c5cccs5)c5nsnc45)s3)cc21,CCCCC(CC)CN1C(=O)C2=C(c3ccc(/C=c4\sc(=C(C#N)C#N)n(CC)c4=O)s3)N(CC(CC)CCCC)C(=O)C2=C1c1ccc(/C=c2\sc(=C(C#N)C#N)n(CC)c2=O)s1,6.39,2,2.3334523779156062,4.74,8.04,train
CCCCC(CC)CC(CC(CC)CCCC)n1c2ccccc2c2ccc(-c3ccc(-c4sc(-c5cccs5)c5c4C(=O)N(CC(CC)CCCC)C5=O)s3)cc21,CCCCC(=O)OCC1(c2ccccc2)C2=CC=Cc3cccc4cccc5ccc6ccccc7cccc1c7c6c5c-4c3C2,1.5499999999999998,4,0.6634442955767526,0.72,2.11,train
CCCCC(CC)Cc1ccc(-c2c3cc(-c4ccc(-c5sc(-c6cccs6)c6c5C(=O)c5c(CC(CC)CCCC)sc(CC(CC)CCCC)c5C6=O)s4)sc3c(-c3ccc(CC(CC)CCCC)s3)c3ccsc23)s1,C#Cc1c2ccsc2c(C#Cc2cc3c4c(ccc5c4c2C(=O)N(CC(CCCCCC)CCCCCCCC)C5=O)C(=O)N(CC(CCCCCC)CCCCCCCC)C3=O)c2ccsc12,0.42,1,0.0,0.42,0.42,train
CCCCCCc1cc(C)sc1C,Clc1cc2c(cc1Cl)C1=[N+]3C2=Nc2c4cc(Cl)c(Cl)cc4c4n2[B-]3(Oc2ccccc2)n2c(c3cc(Cl)c(Cl)cc3c2=N4)=N1,1.5,1,0.0,1.5,1.5,train
CCCCCCc1ccsc1,CCCCC(CC)CN1C(=O)C2=C(c3ccc(/C=C4\SC(=S)N(CC)C4=O)s3)N(CC(CC)CCCC)C(=O)C2=C1c1ccc(/C=C2\SC(=S)N(CC)C2=O)s1,1.11,2,0.0424264068711926,1.08,1.14,train
CCCCCCc1cc(C)sc1C,CCc1c(C=C2C(=O)c3cc(Cl)c(Cl)cc3C2=O)sc2c1sc1c3c4nsnc4c4c5sc6c(CC)c(C=C7C(=O)c8cc(Cl)c(Cl)cc8C7=O)sc6c5n(CC)c4c3n(CC)c21,8.785,2,1.0111626970967629,8.07,9.5,train
CCCCCCc1cc(C)sc1C,CCCCC(CC)CC1c2ccccc2-c2ccc(-c3ccc(C=C(C#N)C#N)c4nsnc34)cc21,0.1,1,0.0,0.1,0.1,train
CCCCCCCCN1C(=O)c2csc(-c3cc4c(-c5ccc(CC(CC)CCCC)s5)c5sccc5c(-c5ccc(CC(CC)CCCC)s5)c4s3)c2C1=O,Clc1cc2c(cc1Cl)C1=[N+]3C2=Nc2c4cc(Cl)c(Cl)cc4c4n2[B-]3(Oc2ccccc2)n2c(c3cc(Cl)c(Cl)cc3c2=N4)=N1,0.4,1,0.0,0.4,0.4,train
CCCCC(CC)Cc1ccc(-c2c3cc(-c4ccc(-c5sc(-c6ccc(C)s6)c6c5C(=O)c5c(CC(CC)CCCC)sc(CC(CC)CCCC)c5C6=O)s4)sc3c(-c3ccc(CC(CC)CCCC)s3)c3cc(C)sc23)s1,CCCCC(=O)OCC1(c2ccccc2)c2cccc3cccc4cccc5cccc6cccc1c6c-5c-4c-3c2,8.25,7,1.307063229424761,6.1,9.51,train
CCCCCCc1ccsc1,CCN1C(=O)c2ccc3c4c(-c5ccc(-c6cc7c8c(cc(OCOC)c9c%10c(OCOC)cc%11c%12c(ccc(c6c89)c%12%10)C(=O)N(CC)C%11=O)C(=O)N(CC)C7=O)s5)cc5c6c(cc(OCOC)c(c7c(OCOC)cc(c2c37)C1=O)c64)C(=O)N(CC)C5=O,1.46,5,0.3096772513440404,0.88,1.54,train
CCCCC(CC)Cc1ccc(-c2c3cc(-c4ccc(-c5sc(-c6cccs6)c6c5C(=O)c5c(CC(CC)CCCC)sc(CC(CC)CCCC)c5C6=O)s4)sc3c(-c3ccc(CC(CC)CCCC)s3)c3ccsc23)s1,CCCCCCCCCCC(CCCCCCCC)CN1C(=O)c2ccc3c4c(c(-c5ccc(-c6cccs6)s5)cc(c24)C1=O)C(=O)N(CC(CCCCCCCC)CCCCCCCCCC)C3=O,6.2,55,1.3227404467854944,1.5,9.52,train
CCCCCCC(CCCC)CCc1c2cc(-c3ccc(-c4c(F)c(F)c(-c5cccs5)c5nn(CC(CCCC)CCCCCC)nc45)s3)sc2c(CCC(CCCC)CCCCCC)c2ccsc12,CCc1ccc(C2(c3ccc(CC)cc3)Oc3c(sc4c5c(sc34)-c3sc(/C=C4\C(=O)c6ccccc6C4=C(C#N)C#N)cc3C(c3ccc(CC)cc3)(c3ccc(CC)cc3)O5)-c3sc(/C=C4\C(=O)c5ccccc5C4=C(C#N)C#N)cc32)cc1,8.43,1,0.0,8.43,8.43,train
CCCCCCc1cc(C)sc1C,CCCCC(CC)CN1C(=O)c2cccc3c(-c4ccc5c6c(cccc46)C(=O)N(CC(CC)CCCC)C5=O)ccc(c23)C1=O,1.26,1,0.0,1.26,1.26,train
CCCCC(CC)Cc1ccc(-c2c3cc(-c4ccc(-c5sc(-c6cccs6)c6c5C(=O)c5c(CC(CC)CCCC)sc(CC(CC)CCCC)c5C6=O)s4)sc3c(-c3ccc(CC(CC)CCCC)s3)c3ccsc23)s1,CCCCCCCCc1c(/C=C2\C(=O)c3cc(Cl)c(Cl)cc3C2=C(C#N)C#N)sc2c1sc1c3c4nn(CC)nc4c4c5sc6c(CCCCCCCC)c(/C=C7\C(=O)c8cc(Cl)c(Cl)cc8C7=C(C#N)C#N)sc6c5n(CC)c4c3n(CC)c21,14.4,1,0.0,14.4,14.4,train
CCCCCCCC[Si]1(CCCCCCCC)c2ccccc2-c2cc(-c3ccc(-c4ccc(-c5cccs5)c5nsnc45)s3)ccc21,CCCCC(=O)OCC1(c2ccccc2)c2cccc3cccc4cccc5cccc6cccc1c6c-5c-4c-3c2,2.735,2,1.506137443927346,1.67,3.8,train
CCCCC(CC)Cc1ccc(-c2c3cc(-c4ccc(-c5sc(-c6cccs6)c6c5C(=O)c5c(CC(CC)CCCC)sc(CC(CC)CCCC)c5C6=O)s4)sc3c(-c3ccc(CC(CC)CCCC)s3)c3ccsc23)s1,CCCCC(CC)CN1C(=O)C2=C(c3ccc(/C=c4\sc(=C(C#N)C#N)n(CC)c4=O)s3)N(CC(CC)CCCC)C(=O)C2=C1c1ccc(/C=c2\sc(=C(C#N)C#N)n(CC)c2=O)s1,8.21,1,0.0,8.21,8.21,train
CCCCC(CC)Cc1ccc(-c2c3cc(-c4ccc(-c5sc(-c6cccs6)c6c5C(=O)c5c(CC(CC)CCCC)sc(CC(CC)CCCC)c5C6=O)s4)sc3c(-c3ccc(CC(CC)CCCC)s3)c3ccsc23)s1,CCC1(CC)C2=C(c3ccc(-c4ccc(/C=C5\C(=O)c6ccccc6C5=C(C#N)C#N)s4)cc31)C(CC)(CC)c1cc(-c3ccc(/C=C4\C(=O)c5ccccc5C4=C(C#N)C#N)s3)ccc12,8.81,1,0.0,8.81,8.81,train
CCCCCCCCC(CCCCCC)COc1cnc2c(C)c(F)c(F)c(-c3ccc(C)s3)c2n1,CCCCC(CC)CC1(CC(CC)CCCC)c2cc(/C=C3\C(=O)c4cc(Cl)c(Cl)cc4C3=C(C#N)C#N)sc2-c2sc(-c3cc(F)c(-c4cc5c(s4)-c4sc(/C=C6\C(=O)c7cc(Cl)c(Cl)cc7C6=C(C#N)C#N)cc4C5(CC(CC)CCCC)CC(CC)CCCC)cc3F)cc21,10.42,1,0.0,10.42,10.42,train
CCCCCCCCN1C(=O)c2csc(-c3cc4c(-c5ccc(CC(CC)CCCC)s5)c5sccc5c(-c5ccc(CC(CC)CCCC)s5)c4s3)c2C1=O,CCCCCCCCCCC(CCCCCCCC)CN1C(=O)c2ccc3c4c(c(-c5cc(F)c(-c6sccc6F)s5)cc(c24)C1=O)C(=O)N(CC(CCCCCCCC)CCCCCCCCCC)C3=O,5.175,2,1.294005409571382,4.26,6.09,train
Cc1ccc(-c2cc3c(C)c4sc(Cc5ccc(-c6c(C)c(C)c(C)c7nsnc67)s5)cc4c(C)c3s2)s1,Clc1cc2c(cc1Cl)C1=[N+]3C2=Nc2c4cc(Cl)c(Cl)cc4c4n2[B-]3(Oc2ccccc2)n2c(c3cc(Cl)c(Cl)cc3c2=N4)=N1,1.38,6,0.3784001409443007,1.17,2.07,train
CCCCCCCCC(CCCCCC)Cc1ccc(/C=C/c2cc(-c3cccs3)sc2-c2ccc(-c3cccs3)s2)s1,CCCCCCCCCCCCC(CCCCCCCCCC)CN1C(=O)c2ccc3c4ccc5c6c(cc(-c7cc8sc9ccsc9c8s7)c(c7ccc(c2c37)C1=O)c64)C(=O)N(CC(CCCCCCCCCC)CCCCCCCCCCCC)C5=O,0.95,5,0.1409964538561165,0.81,1.17,train
CCCCC(CC)Cc1ccc(-c2c3cc(-c4ccc(-c5sc(-c6cccs6)c6c5C(=O)c5c(CC(CC)CCCC)sc(CC(CC)CCCC)c5C6=O)s4)sc3c(-c3ccc(CC(CC)CCCC)s3)c3ccsc23)s1,CCC(=O)c1cc2c3cc(-c4cc5c(s4)-c4sc(/C=C6\C(=O)c7cc8cc(F)c(F)cc8cc7C6=C(C#N)C#N)cc4C5(CC)CC)sc3c3sc(-c4cc5c(s4)-c4sc(/C=C6\C(=O)c7cc8cc(F)c(F)cc8cc7C6=C(C#N)C#N)cc4C5(CC)CC)cc3c2s1,11.6,1,0.0,11.6,11.6,train
CCCCCCCCC(CCCCCCCC)n1c2ccccc2c2ccc(-c3ccc(-c4ccc(-c5cccs5)c5nsnc45)s3)cc21,CCCCCCCCCCC(CCCCCCCC)CN1C(=O)c2ccc3c4c(c(-c5ccc(-c6cccs6)s5)cc(c24)C1=O)C(=O)N(C(CCCCCCCC)CCCCCCCCCC)C3=O,0.85,1,0.0,0.85,0.85,train
CCCCC(CC)Cc1ccc(-c2c3cc(-c4ccc(-c5sc(-c6cccs6)c6c5C(=O)c5c(CC(CC)CCCC)sc(CC(CC)CCCC)c5C6=O)s4)sc3c(-c3ccc(CC(CC)CCCC)s3)c3ccsc23)s1,CCn1nc2c(n1)c1c3sc(/C=C4\C(=O)c5ccc(Br)cc5C4=C(C#N)C#N)cc3n(CC)c1c1c2c2sc(/C=C3\C(=O)c4ccc(Br)cc4C3=C(C#N)C#N)cc2n1CC,7.51,1,0.0,7.51,7.51,train
CCCCC(CC)Cc1ccc(-c2c3cc(-c4ccc(-c5sc(-c6cccs6)c6c5C(=O)c5c(CC(CC)CCCC)sc(CC(CC)CCCC)c5C6=O)s4)sc3c(-c3ccc(CC(CC)CCCC)s3)c3ccsc23)s1,CCCCCCCCC(CCCCCC)COc1ccc(-c2nc3cc(C#N)c(C#N)c(-c4ccc(-c5cccs5)s4)c3nc2-c2ccc(OCC(CCCCCC)CCCCCCCC)cc2)cc1,1.53,1,0.0,1.53,1.53,train
CCCCCCc1cc(C)sc1C,CCC(CC)N1C(=O)c2ccc3c4c5c(c6ccc(c2c36)C1=O)=CC=C1C(=O)N(C(CC)CC)C(=O)C(C=C4)C15,0.25,1,0.0,0.25,0.25,train
CCCCCCc1ccc(-c2csc(-c3sccc3-c3ccc(CCCCCC)cc3)c2)cc1,CCCCC(=O)OCC1(c2ccccc2)c2cccc3cccc4cccc5cccc6cccc1c6c-5c-4c-3c2,2.51,1,0.0,2.51,2.51,train
CCCCCCCCN1C(=O)c2csc(-c3cc4c(-c5ccc(CC(CC)CCCC)s5)c5sccc5c(-c5ccc(CC(CC)CCCC)s5)c4s3)c2C1=O,CCCCCCCCCCC(CCCCCCCC)CN1C(=O)c2ccc3c4c(c(-c5cccs5)cc(c24)C1=O)C(=O)N(CC(CCCCCCCC)CCCCCCCCCC)C3=O,1.8,1,0.0,1.8,1.8,train
CCCCCCc1cc(C)sc1C,CCCCCCCCC(CCCCCC)CCN1C(=O)c2cccc3c(-c4ccc(-c5ccc6c(c5)C(=O)c5cc(-c7ccc(-c8ccc9c%10c(cccc8%10)C(=O)N(CCC(CCCCCC)CCCCCCCC)C9=O)s7)ccc5-6)s4)ccc(c23)C1=O,2.5,1,0.0,2.5,2.5,train
CCCCCCc1ccsc1,CCN1C(=O)C2=C(c3ccc(-c4ccc(C#N)s4)s3)N(CC)C(=O)C2=C1c1ccc(-c2ccc3c(c2)C(CC)(CC)c2cc(-c4ccc(C5=C6C(=O)N(CC)C(c7ccc(-c8ccc(C#N)s8)s7)=C6C(=O)N5CC)s4)ccc2-3)s1,1.92,8,1.0273961539459144,0.1,2.37,validation
CCCCCCCCC(CCCCCC)CN1C(=O)C2=C(c3ccc(-c4cccs4)s3)N(CC(CCCCCC)CCCCCCCC)C(=O)C2=C1c1cccs1,CCCCC(=O)OCC1(c2ccccc2)C2=CC=Cc3cccc4cccc5ccc6ccccc7cccc1c7c6c5c-4c3C2,4.7,1,0.0,4.7,4.7,validation
CCCCC(CC)COc1c2ccsc2c(OCC(CC)CCCC)c2ccsc12,CCCCC(=O)OCC1(c2ccccc2)c2cccc3cccc4cccc5cccc6cccc1c6c-5c-4c-3c2,1.56,1,0.0,1.56,1.56,validation
CCCCCCc1ccsc1-c1nc2sc(-c3sc(-c4cc5c(s4)[Si](CC(CC)CCCC)(CC(CC)CCCC)c4sccc4-5)cc3CCCCCC)nc2s1,CCCCC(=O)OCC1(c2ccccc2)C2=CC=Cc3cccc4cccc5ccc6ccccc7cccc1c7c6c5c-4c3C2,4.68,3,0.7148659548008518,4.18,5.59,validation
CCCCC(CC)Cc1ccc(-c2c3cc(-c4ccc(-c5sc(-c6cccs6)c6c5C(=O)c5c(CC(CC)CCCC)sc(CC(CC)CCCC)c5C6=O)s4)sc3c(-c3ccc(CC(CC)CCCC)s3)c3ccsc23)s1,CCCCC(CC)CC1(CC(CC)CCCC)c2cc(/C=C3\C(=O)c4ccccc4C3=C(C#N)C#N)sc2-c2c1ccc1c3c(ccc21)C(CC(CC)CCCC)(CC(CC)CCCC)c1cc(/C=C2\C(=O)c4ccccc4C2=C(C#N)C#N)sc1-3,9.03,1,0.0,9.03,9.03,validation
CCCCC(CC)Cc1cc(-c2ccc(-c3cc(CC(CC)CCCC)c(-c4ccc(-c5ccc6c(c5)C(CC(CC)CCCC)(CC(CC)CCCC)c5ccccc5-6)s4)s3)c3nsnc23)sc1-c1cccs1,CCCCC(=O)OCC1(c2ccccc2)C2=CC=Cc3cccc4cccc5ccc6ccccc7cccc1c7c6c5c-4c3C2,1.66,2,0.1979898987322334,1.52,1.8,validation
CCCCCCc1ccsc1,CCCCCCc1ccsc1,1.165,4,0.0942956343987708,1.04,1.24,validation
CCCCC(CC)C[Si]1(CC(CC)CCCC)c2cc(C)sc2-c2sc(-c3ccc(C)c4nsnc34)cc21,Clc1cc2c(cc1Cl)C1=[N+]3C2=Nc2c4cc(Cl)c(Cl)cc4c4n2[B-]3(Oc2ccccc2)n2c(c3cc(Cl)c(Cl)cc3c2=N4)=N1,1.0,1,0.0,1.0,1.0,validation
CCCCCCc1ccsc1,C=Cc1sc(-c2ccc(-c3ccc(-c4cc(CCCCCCCC)cs4)c4nsnc34)c3nsnc23)cc1CCCCCCCC,0.025,2,0.0212132034355964,0.01,0.04,validation
CCCCC(CC)Cc1ccc(-c2c3cc(-c4ccc(-c5sc(-c6cccs6)c6c5C(=O)c5c(CC(CC)CCCC)sc(CC(CC)CCCC)c5C6=O)s4)sc3c(-c3ccc(CC(CC)CCCC)s3)c3ccsc23)s1,CCCCCCc1csc2c3cc4c(=O)n(C(CCCCCC)CCCCCC)c(=O)c5ccc6c7c(-c8cccs8)cc8c(=O)n(C(CCCCCC)CCCCCC)c(=O)c9cc(c12)c(c3c6c54)c7c89,2.89,1,0.0,2.89,2.89,validation
CCCCCCCC(=O)c1sc2csc(-c3cc4c(OCC(CC)CCCC)c5sccc5c(OCC(CC)CCCC)c4s3)c2c1F,CCCCC(=O)OCC1(c2ccccc2)c2cccc3cccc4cccc5cccc6cccc1c6c-5c-4c-3c2,7.18,1,0.0,7.18,7.18,validation
CCCCCCCCC(CCCCCCCC)n1c2ccccc2c2ccc(-c3ccc(N(c4ccccc4)c4ccc(C=C(C#N)C#N)cc4)cc3)cc21,CCCCC(=O)OCC1(c2ccccc2)C2=CC=Cc3cccc4cccc5ccc6ccccc7cccc1c7c6c5c-4c3C2,0.49,1,0.0,0.49,0.49,validation
CCOCCOCCOc1cc(-c2ccc(-c3cc(OCCOCCOCC)c(-c4ccc(C)s4)s3)s2)sc1C,CCOCCOCCOc1ccc(-c2nc3c(-c4cccs4)c4nsnc4c(-c4cccs4)c3nc2-c2ccc(OCCOCCOCC)cc2)cc1,0.22,1,0.0,0.22,0.22,validation
CCCCC(CC)Cc1ccc(-c2c3cc(-c4ccc(-c5sc(-c6cccs6)c6c5C(=O)c5c(CC(CC)CCCC)sc(CC(CC)CCCC)c5C6=O)s4)sc3c(-c3ccc(CC(CC)CCCC)s3)c3ccsc23)s1,CCCCCCCCCCCCN1C(=O)c2cccc3c(-c4ccc(-c5ccc(-c6ccc(-c7ccc8c9c(cccc79)C(=O)N(CCCCCCCCCCCC)C8=O)s6)c(F)c5)s4)ccc(c23)C1=O,6.43,1,0.0,6.43,6.43,validation
CCCCC(CC)Cc1cc(C)sc1-c1nc2sc(-c3sc(-c4cc5c(s4)-c4sc(C)cc4[Si]5(CC(CC)CCCC)CC(CC)CCCC)cc3CC(CC)CCCC)nc2s1,CCCCCCCCCC(CCCCCC)CN1C(=O)c2ccc3c4c(ccc(c24)C1=O)-c1nc2c(-c4cccs4)c4nc5c(nc4c(-c4cccs4)c2nc1-3)-c1ccc2c3c(ccc-5c13)C(=O)N(CC(CCCCCC)CCCCCCCC)C2=O,1.8,1,0.0,1.8,1.8,validation
CCCCCCc1cc(C)sc1C,CCCCN1C2=CC3C(=O)c4ccccc4N(CCCC)C3C=C2C(=O)C2C=CC=CC21,0.28,1,0.0,0.28,0.28,validation
CCCCC(CC)CN1C(=O)/C(=C2/C(=O)N(CC(CC)CCCC)c3ccccc32)c2ccccc21,CCCCC(=O)OCC1(c2ccccc2)c2cccc3cccc4cccc5cccc6cccc1c6c-5c-4c-3c2,0.99,3,0.0850490054811538,0.91,1.08,validation
CCCCC(CC)Cc1ccc(-c2c3cc(-c4ccc(-c5sc(-c6cccs6)c6c5C(=O)c5c(CC(CC)CCCC)sc(CC(CC)CCCC)c5C6=O)s4)sc3c(-c3ccc(CC(CC)CCCC)s3)c3ccsc23)s1,CCCCCCCCCCCCC(CCCCCCCCCC)CN1C(=O)c2ccc3c4ccc5c6c(cc(-c7cc8sc9ccsc9c8s7)c(c7ccc(c2c37)C1=O)c64)C(=O)N(CC(CCCCCCCCCC)CCCCCCCCCCCC)C5=O,3.49,1,0.0,3.49,3.49,validation
CCCCCCc1ccsc1,CCCCCCC(CCCC)CN1C(=O)c2cccc3c(-c4ccc(-c5ccc6c(c5)C(=C(C#N)C#N)c5cc(-c7ccc(-c8ccc9c%10c(cccc8%10)C(=O)N(CC(CCCC)CCCCCC)C9=O)s7)ccc5-6)s4)ccc(c23)C1=O,0.8,1,0.0,0.8,0.8,validation
CCCCC(CC)Cc1sc(-c2c3cc(-c4ccc(-c5sc(-c6cccs6)c6c5C(=O)c5c(CC(CC)CCCC)sc(CC(CC)CCCC)c5C6=O)s4)sc3c(-c3cc(Cl)c(CC(CC)CCCC)s3)c3ccsc23)cc1Cl,CCCCC(CC)CC1(CC(CC)CCCC)c2cc(/C=C3\C(=O)c4cc(Cl)c(Cl)cc4C3=C(C#N)C#N)sc2-c2sc(-c3ccc(-c4cc5c(s4)-c4sc(/C=C6\C(=O)c7cc(Cl)c(Cl)cc7C6=C(C#N)C#N)cc4C5(CC(CC)CCCC)CC(CC)CCCC)c4nsnc34)cc21,10.5,2,0.0,10.5,10.5,validation
CCCCC(CC)COc1c2cc(-c3scc4sc(C(=O)C(CC)CCCC)cc34)sc2c(OCC(CC)CCCC)c2ccsc12,CCCCC(=O)OCC1(c2ccccc2)c2cccc3cccc4cccc5cccc6cccc1c6c-5c-4c-3c2,4.99,1,0.0,4.99,4.99,validation
CCCCCCCCC(CCCCCCCC)n1c2ccccc2c2ccc(-c3ccc(N(c4ccccc4)c4ccc(/C=C(/C#N)C(=O)OCC)cc4)cc3)cc21,CCCCC(=O)OCC1(c2ccccc2)C2=CC=Cc3cccc4cccc5ccc6ccccc7cccc1c7c6c5c-4c3C2,0.81,1,0.0,0.81,0.81,validation
C=Cc1ccc(-c2c(OCCCCCCCC)c(OCCCCCCCC)c(-c3cccs3)c3nsnc23)s1,CCCCC(=O)OCC1(c2ccccc2)c2cccc3cccc4cccc5cccc6cccc1c6c-5c-4c-3c2,0.46,3,0.1014889156509222,0.33,0.53,validation
CCCCC(CC)COC(=O)c1sc2c(-c3cc4c(OCC(CC)CCCC)c5sccc5c(OCC(CC)CCCC)c4s3)scc2c1F,CCCCC(=O)OCC1(c2ccccc2)c2cccc3cccc4cccc5cccc6cccc1c6c-5c-4c-3c2,6.88,62,2.959626746944091,0.9,21.62,validation
CCCCC(CC)Cc1ccc(-c2c3cc(-c4ccc(-c5sc(-c6cccs6)c6c5C(=O)c5c(CC(CC)CCCC)sc(CC(CC)CCCC)c5C6=O)s4)sc3c(-c3ccc(CC(CC)CCCC)s3)c3ccsc23)s1,CCCCCCCCOc1cc(-c2ccc(-c3ccc4c5c(cccc35)C(=O)N(CCCCCCCC)C4=O)s2)c(F)cc1-c1ccc(-c2ccc3c4c(cccc24)C(=O)N(CCCCCCCC)C3=O)s1,6.8,1,0.0,6.8,6.8,validation
CCCCC(CC)COC(=O)c1cc2csc(-c3cc4c(-c5ccc(CC(CC)CCCC)s5)c5sccc5c(-c5ccc(CC(CC)CCCC)s5)c4s3)c2s1,CCCCCCCCC1(CCCCCCCC)Oc2cc3c(cc2-c2sccc21)OC(CCCCCCCC)(CCCCCCCC)c1cc(-c2c(C#N)c(C#N)cc4nsnc24)sc1-3,9.34,1,0.0,9.34,9.34,validation
CCCCCCC(CCCC)CCc1c2cc(-c3ccc(-c4c(F)c(F)c(-c5cccs5)c5nn(CC(CCCC)CCCCCC)nc45)s3)sc2c(CCC(CCCC)CCCCCC)c2ccsc12,CCCCC(=O)OCC1(c2ccccc2)c2cccc3cccc4cccc5cccc6cccc1c6c-5c-4c-3c2,7.1,1,0.0,7.1,7.1,validation
CCCCCCCCOc1cccc(-c2nc3cccc(-c4cccs4)c3nc2-c2cccc(OCCCCCCCC)c2)c1,CCCCCCCCCCC(CCCCCCCC)CN1C(=O)c2ccc3c4c(c(-c5ccc(-c6cccs6)s5)cc(c24)C1=O)C(=O)N(CC(CCCCCCCC)CCCCCCCCCC)C3=O,2.9,4,0.9844626283748242,2.3,4.4,validation
CCCCCCCCc1ccc(-n2c3ccsc3c3sc(-c4cc(CCCCCCCC)c(-c5ccc(-c6sccc6CCCCCCCC)c6nsnc56)s4)cc32)cc1,CCCCC(=O)OCC1(c2ccccc2)c2cccc3cccc4cccc5cccc6cccc1c6c-5c-4c-3c2,1.38,3,0.5084617324178226,1.04,2.04,validation
CCCCC(CC)Cc1ccc(-c2c3cc(-c4ccc(-c5nc6sc(-c7cccs7)nc6s5)s4)sc3c(-c3ccc(CC(CC)CCCC)s3)c3ccsc23)s1,CCCCC(=O)OCC1(c2ccccc2)C2=CC=Cc3cccc4cccc5ccc6ccccc7cccc1c7c6c5c-4c3C2,4.74,4,0.7558879987581932,3.64,5.22,validation
CCCCCCCCc1ccc2c(c1)C(=O)C1C(=CSC1c1cc3c(OCC(CC)CCCC)c4occc4c(OCC(CC)CCCC)c3o1)C2=O,CCCCC(=O)OCC1(c2ccccc2)c2cccc3cccc4cccc5cccc6cccc1c6c-5c-4c-3c2,3.26,3,0.5551876559626783,2.73,3.84,validation
CCCCCCCCOc1cccc(-c2nc3cccc(-c4cccs4)c3nc2-c2cccc(OCCCCCCCC)c2)c1,CCCCCCCCCCC(CCCCCCCC)CN1C(=O)c2ccc3c4c(c(-c5ccc(-c6cccs6)s5)cc(c24)C1=O)C(=O)N(C(CCCCCCCC)CCCCCCCCCC)C3=O,4.17,8,0.5443065706540229,3.12,4.94,validation
CCCCCCCCC(CCCCCC)Cn1nc2c(-c3cccs3)c(F)c(F)c(-c3ccc(-c4cc5c(-c6cc(Cl)c(CC(CC)CCCC)s6)c6sccc6c(-c6cc(Cl)c(CC(CC)CCCC)s6)c5s4)s3)c2n1,CCc1c(/C=C2\C(=O)c3cc(F)c(F)cc3C2=C(C#N)C#N)sc2c1sc1c3c4nn(CC)nc4c4c5sc6c(CC)c(/C=C7\C(=O)c8cc(F)c(F)cc8C7=C(C#N)C#N)sc6c5n(CC)c4c3n(CC)c21,13.64,1,0.0,13.64,13.64,validation
CCCCCCc1cc(-c2c3cc(-c4cccc5nsnc45)sc3c(-c3cc(CCCCCC)c(CCCCCC)s3)c3ccsc23)sc1CCCCCC,CCCCC(=O)OCC1(c2ccccc2)c2cccc3cccc4cccc5cccc6cccc1c6c-5c-4c-3c2,5.3,1,0.0,5.3,5.3,validation
CCCCC(CC)COC(=O)c1sc2c(-c3cc4c(-c5ccc(CC(CC)CCCC)s5)c5sc(C)cc5c(-c5ccc(CC(CC)CCCC)s5)c4s3)sc(C)c2c1F,CCCCCC(CCCCC)N1C(=O)C2=CCc3c4c5c6c(ccc5c5ccc(c2c35)C1=O)C(=O)N(N1C(=O)C2=CCc3c5c7c8c(ccc7c7ccc(c2c37)C1=O)C(=O)N(C(CCCCC)CCCCC)C(=O)C8=CC5)C(=O)C6=CC4,5.56,1,0.0,5.56,5.56,validation
CCCCC(CC)Cc1ccc(-c2c3cc(-c4ccc(-c5sc(-c6cccs6)c6c5C(=O)c5c(CC(CC)CCCC)sc(CC(CC)CCCC)c5C6=O)s4)sc3c(-c3ccc(CC(CC)CCCC)s3)c3ccsc23)s1,CCOc1cc(-c2cc3c(s2)-c2sc(/C=C4\C(=O)c5cc(F)c(F)cc5C4=C(C#N)C#N)cc2C3(CC)CC)c(OCC)cc1-c1cc2c(s1)-c1sc(/C=C3\C(=O)c4cc(F)c(F)cc4C3=C(C#N)C#N)cc1C2(CC)CC,13.24,3,0.8948929172439205,11.69,13.24,validation
CCCCCCc1ccsc1,CCCCCCCCCCCCC(CCCCCCCCCC)CN1C(=O)c2ccc(-c3ccc(-c4ccc5c(c4)C(=O)c4cc(-c6ccc(-c7ccc8c(c7)C(=O)N(CC(CCCCCCCCCC)CCCCCCCCCCCC)C8=O)s6)ccc4-5)s3)cc2C1=O,2.2,1,0.0,2.2,2.2,validation
CCCCC(CC)Cc1ccc(-c2c3cc(-c4ccc(-c5sc(-c6cccs6)c6c5C(=O)c5c(CC(CC)CCCC)sc(CC(CC)CCCC)c5C6=O)s4)sc3c(-c3ccc(CC(CC)CCCC)s3)c3ccsc23)s1,CCCCCC(CCCCC)N1C(=O)c2ccc3c4ccc5c6c(ccc(c7ccc(c2c37)C1=O)c64)C(=O)N(N1C(=O)c2ccc3c4ccc6c7c(ccc(c8ccc(c2c38)C1=O)c74)C(=O)N(C(CCCCC)CCCCC)C6=O)C5=O,1.95,1,0.0,1.95,1.95,validation
CCCCCCCCOc1c(OCCCCCCCC)c2sc(-c3sc(-c4ccc(-c5cc(CCCCCC)cs5)c5nsnc45)cc3CCCCCC)cc2c2ccsc12,CCCCC(=O)OCC1(c2ccccc2)C2=CC=Cc3cccc4cccc5ccc6ccccc7cccc1c7c6c5c-4c3C2,1.13,1,0.0,1.13,1.13,validation
CCCCCCCCN1C(=O)C2=C(c3ccc(-c4ccc(C5=C6C(=O)N(CC(CC)CCCC)C(c7cccs7)=C6C(=O)N5CC(CC)CCCC)s4)s3)N(CCCCCCCC)C(=O)C2=C1c1cccs1,CCCCC(=O)OCC1(c2ccccc2)C2=CC=Cc3cccc4cccc5ccc6ccccc7cccc1c7c6c5c-4c3C2,0.615,2,0.417193000900063,0.32,0.91,validation
CCCCCCc1ccsc1,CCCCC(CC)CN1C(=O)c2ccc3c4ccc5c6c(cc(-c7cccc(C(C)C)c7)c(c7ccc(c2c37)C1=O)c64)C(=O)N(CC(CC)CCCC)C5=O,1.12,1,0.0,1.12,1.12,validation
CCCCCCCCC(CCCCCCCC)n1c2ccccc2c2ccc(-c3cc(/C=C/c4ccc(C=C(C#N)C#N)s4)cs3)cc21,CCCCC(=O)OCC1(c2ccccc2)C2=CC=Cc3cccc4cccc5ccc6ccccc7cccc1c7c6c5c-4c3C2,2.16,1,0.0,2.16,2.16,validation
CCCCC(CC)COC(=O)c1sc2c(-c3cc4c(OCC(CC)CCCC)c5sccc5c(OCC(CC)CCCC)c4s3)scc2c1F,CCCCC(CC)CN1C(=O)C2=C(c3ccc(-c4ccc(-c5c(F)c(F)c(-c6ccc(-c7ccc(C8=C9C(=O)N(CC(CC)CCCC)C(c%10cccs%10)=C9C(=O)N8CC(CC)CCCC)s7)s6)c6nsnc56)s4)s3)N(CC(CC)CCCC)C(=O)C2=C1c1cccs1,5.0,1,0.0,5.0,5.0,validation
CCCCCCc1ccsc1,CCc1cc(-c2cc3c(cc(-c4cc(CC)c(-c5ccc6c7c(cccc57)-c5cc7c(cc5-6)C(=O)N(CC)C7=O)s4)c4nsnc43)c3nsnc23)sc1-c1ccc2c3c(cccc13)-c1cc3c(cc1-2)C(=O)N(CC)C3=O,1.06,1,0.0,1.06,1.06,validation
CCCCC(CC)Cc1sc(-c2c3ccsc3c(-c3cc(Cl)c(CC(CC)CCCC)s3)c3sc(-c4ccc(-c5sc(-c6cccs6)c6c5C(=O)c5c(CC(CC)CCCC)sc(CC(CC)CCCC)c5C6=O)s4)cc23)cc1Cl,CCc1ccc(C2(c3ccc(CC)cc3)c3cc4c(cc3-c3sc(/C=C5\C(=O)c6cc(Cl)c(Cl)cc6C5=C(C#N)C#N)cc32)C(c2ccc(CC)cc2)(c2ccc(CC)cc2)c2cc(-c3c(F)c(F)c(-c5cc6c(s5)-c5cc7c(cc5C6(c5ccc(CC)cc5)c5ccc(CC)cc5)-c5sc(/C=C6\C(=O)c8cc(Cl)c(Cl)cc8C6=C(C#N)C#N)cc5C7(c5ccc(CC)cc5)c5cccc(CC)c5)c5nonc35)sc2-4)cc1,10.4,2,0.0,10.4,10.4,validation
CCCCCCCCn1nc2c(-c3cccs3)ccc(-c3ccc(-c4cc5c(s4)-c4sccc4[Si]5(CC(CC)CCCC)CC(CC)CCCC)s3)c2n1,CCCCC(=O)OCC1(c2ccccc2)C2=CC=Cc3cccc4cccc5ccc6ccccc7cccc1c7c6c5c-4c3C2,3.06,3,0.5311308689955798,2.77,3.8,validation
CCCCC(CC)COc1c2cc(-c3cccs3)sc2c(OCC(CC)CCCC)c2ccsc12,CCCCC(=O)OCC1(c2ccccc2)C2=CC=Cc3cccc4cccc5ccc6ccccc7cccc1c7c6c5c-4c3C2,2.5,4,0.3304037933599835,2.2,2.9,validation
CCCCCCCCN1C(=O)c2csc(-c3cc4c(OCC(CC)CCCC)c5sccc5c(OCC(CC)CCCC)c4s3)c2C1=O,CCCCCCCCC(CCCCCC)CN1C(=O)c2ccc3c4c(c(-c5cccs5)cc(c24)C1=O)C(=O)N(CC(CCCCCC)CCCCCCCC)C3=O,2.74,1,0.0,2.74,2.74,test
CCCCC(CC)COC(=O)c1sc2c(-c3cc4c(-c5ccc(CC(CC)CCCC)s5)c5sc(C)cc5c(-c5ccc(CC(CC)CCCC)s5)c4s3)sc(C)c2c1F,CCCCC(=O)OCC1(c2ccccc2)c2cccc3cccc4cccc5cccc6cccc1c6c-5c-4c-3c2,8.4,1,0.0,8.4,8.4,test
CCCCCCc1ccsc1,CCCCCCCCn1nc2c(C=C(C#N)C#N)ccc(-c3ccc4c(c3)C3(c5ccccc5-c5ccccc53)c3cc(-c5ccc(C=C(C#N)C#N)c6nn(CCCCCCCC)nc56)ccc3-4)c2n1,0.62,1,0.0,0.62,0.62,test
CCCCCCCCN1C(=O)c2csc(-c3cc4c(-c5ccc(CC(CC)CCCC)s5)c5sccc5c(-c5ccc(CC(CC)CCCC)s5)c4s3)c2C1=O,CCCCCCCCCCC(CCCCCCCC)CN1C(=O)c2ccc3c4c(c(-c5cc(Cl)c(-c6sccc6Cl)s5)cc(c24)C1=O)C(=O)N(CC(CCCCCCCC)CCCCCCCCCC)C3=O,6.76,1,0.0,6.76,6.76,test
CCCCC(CC)COC(=O)c1cc2csc(-c3cc4c(-c5ccc(CC(CC)CCCC)s5)c5sccc5c(-c5ccc(CC(CC)CCCC)s5)c4s3)c2s1,CCCCC(=O)OCC1(c2ccccc2)C2=CC=Cc3cccc4cccc5ccc6ccccc7cccc1c7c6c5c-4c3C2,5.505,2,0.997020561473032,4.8,6.21,test
CCCCCCCCn1nc2c(-c3cccs3)c(F)c(F)c(-c3ccc(-c4cc5c(s4)-c4sccc4[Si]5(CC(CC)CCCC)CC(CC)CCCC)s3)c2n1,CCCCC(=O)OCC1(c2ccccc2)C2=CC=Cc3cccc4cccc5ccc6ccccc7cccc1c7c6c5c-4c3C2,3.69,3,0.9429740187301028,2.19,3.93,test
CCCCC(CC)Cc1ccc(-c2c3cc(-c4ccc(-c5sc(-c6cccs6)c6c5C(=O)c5c(CC(CC)CCCC)sc(CC(CC)CCCC)c5C6=O)s4)sc3c(-c3ccc(CC(CC)CCCC)s3)c3ccsc23)s1,CCCCCCC1(CCCCCC)c2cc(/C=C3\C(=O)c4ccccc4C3=C(C#N)C#N)sc2-c2c1ccc1c3c(ccc21)C(CCCCCC)(CCCCCC)c1cc(/C=C2\C(=O)c4ccccc4C2=C(C#N)C#N)sc1-3,3.39,1,0.0,3.39,3.39,test
CCCCC(CC)Cc1ccc(-c2c3cc(-c4ccc(-c5sc(-c6cccs6)c6c5C(=O)c5c(CC(CC)CCCC)sc(CC(CC)CCCC)c5C6=O)s4)sc3c(-c3ccc(CC(CC)CCCC)s3)c3ccsc23)s1,CCc1cc(-c2cc3c(s2)-c2sc(/C=C4\C(=O)c5ccccc5C4=C(C#N)C#N)cc2C3(CC)CC)c(CC)cc1-c1cc2c(s1)-c1sc(/C=C3\C(=O)c4ccccc4C3=C(C#N)C#N)cc1C2(CC)CC,6.87,1,0.0,6.87,6.87,test
CCCCCCCCC(CCCCCC)COC(=O)c1csc(-c2cc(C(=O)OCC(CCCCCC)CCCCCCCC)c(-c3ccc(-c4cccs4)s3)s2)c1,CCCCC(=O)OCC1(c2ccccc2)c2cccc3cccc4cccc5cccc6cccc1c6c-5c-4c-3c2,5.3,1,0.0,5.3,5.3,test
CCCCCCCCOc1c(OCCCCCCCC)c(-c2ccc(-c3ccc(-c4ccc5c(C#C[Si](C(C)C)(C(C)C)C(C)C)c6ccccc6c(C#C[Si](C(C)C)(C(C)C)C(C)C)c5c4)s3)s2)c2nsnc2c1-c1ccc(-c2cccs2)s1,CCCCC(=O)OCC1(c2ccccc2)C2=CC=Cc3cccc4cccc5ccc6ccccc7cccc1c7c6c5c-4c3C2,2.72,3,0.4808672720547046,2.19,3.15,test
CCCCC(CC)COC(=O)c1cc2csc(-c3cc4c(-c5ccc(CC(CC)CCCC)s5)c5sccc5c(-c5ccc(CC(CC)CCCC)s5)c4s3)c2s1,CCCCCCCCC1(CCCCCCCC)Cc2cc3c(cc2-c2sc(-c4c(C#N)c(C#N)cc5nsnc45)cc21)C(CCCCCCCC)(CCCCCCCC)Oc1ccsc1-3,10.22,1,0.0,10.22,10.22,test
CCCCCCCC[Si]1(CCCCCCCC)c2cc(-c3cc(F)c(C)c4nsnc34)sc2-c2sc(-c3cc(F)c(-c4cc5c(s4)-c4sc(C)cc4[Si]5(CCCCCCCC)CCCCCCCC)c4nsnc34)cc21,CCCCC(CC)CN1C(=O)C2=C(c3ccc(/C=C4\SC(=S)N(CC)C4=O)s3)N(CC(CC)CCCC)C(=O)C2=C1c1ccc(/C=C2\SC(=S)N(CC)C2=O)s1,4.17,1,0.0,4.17,4.17,test
CCCCCCCCCCC(CCCCCCCC)Cc1cc(-c2c(F)c(F)c(-c3cc(CC(CCCCCCCC)CCCCCCCCCC)c(-c4ccc(-c5ccc(C)s5)s4)s3)c3nsnc23)sc1C,CCCCCCC(CC(F)(F)C(F)(F)C(F)(F)C(F)(F)F)N1C(=O)c2ccc3c4ccc5c6c(cc(-c7ccc(-c8cccs8)s7)c(c7ccc(c2c37)C1=O)c64)C(=O)N(C(CCCCCC)CC(F)(F)C(F)(F)C(F)(F)C(F)(F)F)C5=O,3.43,1,0.0,3.43,3.43,test
CCCCC(CC)Cc1ccc(-c2c3cc(-c4ccc(-c5sc(-c6cccs6)c6c5C(=O)c5c(CC(CC)CCCC)sc(CC(CC)CCCC)c5C6=O)s4)sc3c(-c3ccc(CC(CC)CCCC)s3)c3ccsc23)s1,CCCCCCCCC(CCCCCC)CN1C(=O)c2ccc3c4c(c(-c5cccs5)cc(c24)C1=O)C(=O)N(CC(CCCCCC)CCCCCCCC)C3=O,4.07,1,0.0,4.07,4.07,test
CCCCCCc1ccsc1,CCN1C(=O)C2=C(c3ccc(-c4ccc5c6ccc(-c7ccc(C8=C9C(=O)N(CC)C(c%10cccs%10)=C9C(=O)N8CC)s7)cc6n(CC)c5c4)s3)N(CC)C(=O)C2=C1c1cccs1,2.3,1,0.0,2.3,2.3,test
CCCCCCCCC(CCCCCC)COc1cnc2c(-c3cccs3)c(F)c(F)cc2n1,CCCCCCCCCCCc1c(/C=C2\C(=O)c3cc(F)c(F)cc3C2=C(C#N)C#N)sc2c1sc1c3c4nsnc4c4c5sc6c(CCCCCCCCCCC)c(/C=C7\C(=O)c8cc(F)c(F)cc8C7=C(C#N)C#N)sc6c5n(C)c4c3n(C)c21,9.675,8,2.1595303722271257,5.65,12.1,test
CCCCC(CC)COC(=O)c1sc2c(-c3cc4c(-c5ccc(CC(CC)CCCC)s5)c5sc(C)cc5c(-c5ccc(CC(CC)CCCC)s5)c4s3)sc(C)c2c1F,CCCCCCCCN1C(=O)/C(=C/c2ccc(/C=C3\SC(=S)N(CCCCCCCC)C3=O)s2)SC1=S,1.26,1,0.0,1.26,1.26,test
CCCCCCCCOC(=O)c1sc2c(-c3cc4c5nc(CC(CC)CCCC)c(CC(CC)CCCC)nc5c5ccsc5c4s3)scc2c1F,CCCCC(=O)OCC1(c2ccccc2)c2cccc3cccc4cccc5cccc6cccc1c6c-5c-4c-3c2,0.73,1,0.0,0.73,0.73,test
CCCCCCCCc1sc(CCCCCCCC)c2c1C(=O)c1c(-c3cccs3)sc(-c3ccc(-c4cc5c(-c6ccc(CC(CC)CCCC)s6)c6sccc6c(-c6ccc(CC(CC)CCCC)s6)c5s4)s3)c1C2=O,CCCCC(=O)OCC1(c2ccccc2)C2=CC=Cc3cccc4cccc5ccc6ccccc7cccc1c7c6c5c-4c3C2,2.04,2,0.4242640687119285,1.74,2.34,test
CCCCC(CC)COC(=O)c1sc2c(-c3cc4c(-c5ccc(CC(CC)CCCC)s5)c5sc(C)cc5c(-c5ccc(CC(CC)CCCC)s5)c4s3)sc(C)c2c1F,CCCCCCCCN1C(=O)C(=Cc2ccc(-c3ccc(/C=C4\SC(=S)N(CCCCCCCC)C4=O)s3)s2)C(=O)N(CCCCCCCC)C1=O,0.91,1,0.0,0.91,0.91,test
CCCCCCc1cc(C)sc1C,CCCCC(CC)CN1C(=O)c2cc(-c3ccc(-c4ccc(-c5cccs5)s4)s3)c3c4c(cc(-c5ccc(-c6ccc(-c7cccs7)s6)s5)c(c24)C1=O)C(=O)N(CC(CC)CCCC)C3=O,0.09,1,0.0,0.09,0.09,test
CCCCCCCCC(CCCCCC)CN1C(=O)C2=C(c3ccc(-c4ccccc4)s3)N(CC(CCCCCC)CCCCCCCC)C(=O)C2=C1c1cccs1,CCCCC(=O)OCC1(c2ccccc2)C2=CC=Cc3cccc4cccc5ccc6ccccc7cccc1c7c6c5c-4c3C2,6.27,2,1.0889444430272828,5.5,7.04,test
CCCCC(CC)COC(=O)c1sc2c(-c3cc4c(OCC(CC)CCCC)c5sccc5c(OCC(CC)CCCC)c4s3)scc2c1F,CCCCCC(CCCCC)N1C(=O)C2=CCc3c4c5c6c(ccc5c5ccc(c2c35)C1=O)C(=O)N(N1C(=O)C2=CCc3c5c7c8c(ccc7c7ccc(c2c37)C1=O)C(=O)N(C(CCCCC)CCCCC)C(=O)C8=CC5)C(=O)C6=CC4,5.0,1,0.0,5.0,5.0,test
CCCCC(CC)CC1(CC(CC)CCCC)c2ccccc2-c2ccc(-c3c4cc(-c5ccc(-c6ccc(-c7cccs7)c7nsnc67)s5)sc4c(-c4ccc5c(c4)C(CC(CC)CCCC)(CC(CC)CCCC)c4ccccc4-5)c4ccsc34)cc21,CCCCC(=O)OCC1(c2ccccc2)C2=CC=Cc3cccc4cccc5ccc6ccccc7cccc1c7c6c5c-4c3C2,6.7,4,1.2963667176638975,4.29,7.13,test
CCCCC(CC)Cc1ccc(-c2c3cc(-c4ccc(-c5sc(-c6cccs6)c6c5C(=O)c5c(CC(CC)CCCC)sc(CC(CC)CCCC)c5C6=O)s4)sc3c(-c3ccc(CC(CC)CCCC)s3)c3ccsc23)s1,CCCCC(CC)CC1(CC(CC)CCCC)c2cc(/C=C3\C(=O)c4ccccc4C3=C(C#N)C#N)sc2-c2sc(-c3sc(-c4cc5c(s4)-c4sc(/C=C6\C(=O)c7ccccc7C6=C(C#N)C#N)cc4C5(CC(CC)CCCC)CC(CC)CCCC)c(F)c3F)cc21,8.23,1,0.0,8.23,8.23,test
CCCCCCC(CCCC)Cc1cc2cc(-c3ccc(C4=C5C(=O)N(CC(CC)CCCC)C(c6cccs6)=C5C(=O)N4CC(CC)CCCC)s3)sc2c2c(CC(CCCC)CCCCCC)cc3ccsc3c12,CCCCC(=O)OCC1(c2ccccc2)c2cccc3cccc4cccc5cccc6cccc1c6c-5c-4c-3c2,3.11,1,0.0,3.11,3.11,test
CCCCC(CC)Cc1ccc(-c2c3cc(-c4ccc(-c5sc(-c6cccs6)c6c5C(=O)c5c(CC(CC)CCCC)sc(CC(CC)CCCC)c5C6=O)s4)sc3c(-c3ccc(CC(CC)CCCC)s3)c3ccsc23)s1,CCn1nc2c(-c3cc4c(s3)-c3sc(/C=C5\C(=O)c6cc(F)c(F)cc6C5=C(C#N)C#N)cc3C4(CC)CC)c(F)c(F)c(-c3cc4c(s3)-c3sc(/C=C5\C(=O)c6cc(F)c(F)cc6C5=C(C#N)C#N)cc3C4(CC)CC)c2n1,11.23,1,0.0,11.23,11.23,test
CCCCc1ccc(-c2csc(-c3sccc3-c3ccc(CCCC)cc3)c2)cc1,CCCCC(=O)OCC1(c2ccccc2)c2cccc3cccc4cccc5cccc6cccc1c6c-5c-4c-3c2,1.19,1,0.0,1.19,1.19,test
CCCCC(CC)COC(=O)c1sc2c(-c3cc4c(OCC(CC)CCCC)c5sccc5c(OCC(CC)CCCC)c4s3)scc2c1F,CCCCC(=O)OCC1(c2ccccc2)C2=CC=Cc3cccc4cccc5ccc6ccccc7cccc1c7c6c5c-4c3C2,6.015000000000001,178,3.389229381822514,0.005,17.15,test
CCCCCCc1cc(C)sc1C,CCCCCCN1C(=O)c2ccc(C#Cc3ccc(C#Cc4ccc5c(c4)C(=O)N(CCCCCC)C5=O)c4nsnc34)cc2C1=O,0.77,1,0.0,0.77,0.77,test
CCCCC(CC)COC(=O)c1sc2c(-c3cc4c(-c5ccc(CC(CC)CCCC)s5)c5sc(C)cc5c(-c5ccc(CC(CC)CCCC)s5)c4s3)sc(C)c2c1F,CCCCC(=O)OCC1(c2ccccc2)C2=CC=Cc3cccc4cccc5ccc6ccccc7cccc1c7c6c5c-4c3C2,7.37,41,2.554594497915567,0.6,12.06,test
CCCCCCCCN1C(=O)c2csc(-c3cc4c(-c5ccc(CC(CC)CCCC)s5)c5sccc5c(-c5ccc(CC(CC)CCCC)s5)c4s3)c2C1=O,CCCCCCCCCCC(CCCCCCCC)CN1C(=O)c2ccc3c4c(c(-c5ccc(-c6cccs6)s5)cc(c24)C1=O)C(=O)N(C(CCCCCCCC)CCCCCCCCCC)C3=O,1.95,2,0.0989949493661167,1.88,2.02,test
CCCCC(CC)c1cc(F)c2sc3c(c2c1)C(=O)c1cc(-c2cc(COC(=O)CCCC(C)CC)c(C(=O)OCCCC(C)CC)s2)sc1C3=O,CCCCC(=O)OCC1(c2ccccc2)c2cccc3cccc4cccc5cccc6cccc1c6c-5c-4c-3c2,7.9,1,0.0,7.9,7.9,test
CCCCCCCOc1c(OCCCCCCC)c(-c2ccc(-c3cc4c(OCC(CC)CCCC)c(OCC(CC)CCCC)c5ccsc5c4s3)s2)c2nsnc2c1-c1cccs1,CCCCC(=O)OCC1(c2ccccc2)C2=CC=Cc3cccc4cccc5ccc6ccccc7cccc1c7c6c5c-4c3C2,3.755,2,0.7990306627407991,3.19,4.32,test
CCCCCCCC[Si]1(CCCCCCCC)c2ccsc2-c2sc(-c3cccc4c3C(=O)N(CC(CC)CCCC)C4=O)cc21,CCCCC(=O)OCC1(c2ccccc2)C2=CC=Cc3cccc4cccc5ccc6ccccc7cccc1c7c6c5c-4c3C2,0.515,2,0.0919238815542511,0.45,0.58,test
CCCCC(CC)Cc1ccc(-c2c3cc(-c4ccc(-c5sc(-c6cccs6)c6c5C(=O)c5c(CC(CC)CCCC)sc(CC(CC)CCCC)c5C6=O)s4)sc3c(-c3ccc(CC(CC)CCCC)s3)c3ccsc23)s1,CCCCCCCCCCC(CCCCCCCC)CN1C(=O)c2ccc3c4c(c(-c5ccc(-c6cccs6)s5)cc(c24)C1=O)C(=O)N(C(CCCCCCCC)CCCCCCCCCC)C3=O,6.0,1,0.0,6.0,6.0,test
CCCCCCCCCCC(CCCCCCCC)CN1C(=O)/C(=C\c2ccc(-c3cccs3)s2)c2ccccc21,CCCCC(=O)OCC1(c2ccccc2)c2cccc3cccc4cccc5cccc6cccc1c6c-5c-4c-3c2,7.02,5,1.0046890066085126,4.86,7.32,test
CCCCCCc1ccsc1,CCCCC(CC)CN1C(=O)c2ccc3c4ccc5c6c(cc(-c7ccc(C(C)C)cc7)c(c7ccc(c2c37)C1=O)c64)C(=O)N(CC(CC)CCCC)C5=O,0.82,1,0.0,0.82,0.82,test
CCCCCCc1ccsc1,CCc1c(C=C2C(=O)c3cc(Cl)c(Cl)cc3C2=O)sc2c1sc1c3c4nsnc4c4c5sc6c(CC)c(C=C7C(=O)c8cc(Cl)c(Cl)cc8C7=O)sc6c5n(CC)c4c3n(CC)c21,9.415,30,2.813492225997279,0.51,10.82,test
CCCCC(CC)COC(=O)c1cc(F)c2sc3ccsc3c(=O)c2c1,CCCCCCCCCCC(CCCCCCCC)CN1C(=O)c2ccc3c4c(c(-c5ccc(-c6cccs6)s5)cc(c24)C1=O)C(=O)N(C(CCCCCCCC)CCCCCCCCCC)C3=O,2.05,2,0.0707106781186546,2.0,2.1,test
CCCCC(CC)Cc1ccc(-c2c3cc(-c4ccc(-c5sc(-c6cccs6)c6c5C(=O)c5c(CC(CC)CCCC)sc(CC(CC)CCCC)c5C6=O)s4)sc3c(-c3ccc(CC(CC)CCCC)s3)c3ccsc23)s1,CCn1nc2c(-c3cc4c(s3)-c3sc(/C=C5\C(=O)c6ccccc6C5=C(C#N)C#N)cc3C4(CC)CC)c(F)c(F)c(-c3cc4c(s3)-c3sc(/C=C5\C(=O)c6ccccc6C5=C(C#N)C#N)cc3C4(CC)CC)c2n1,8.49,1,0.0,8.49,8.49,test
CCCCCCCCC(CCCCCC)COc1cnc2c(-c3cccs3)c(F)c(F)cc2n1,CCCCC(CC)CC1(CC(CC)CCCC)c2cc(/C=C3\C(=O)c4cc(F)c(F)cc4C3=C(C#N)C#N)sc2-c2sc(-c3c(OC)c(OC)c(-c4cc5c(s4)-c4sc(/C=C6\C(=O)c7cc(F)c(F)cc7C6=C(C#N)C#N)cc4C5(CC(CC)CCCC)CC(CC)CCCC)c4nsnc34)cc21,7.76,1,0.0,7.76,7.76,test
CCCCC(CC)COC(=O)c1sc2c(-c3cc4c(-c5ccc(CC(CC)CCCC)s5)c5sc(C)cc5c(-c5ccc(CC(CC)CCCC)s5)c4s3)sc(C)c2c1F,CCCCCCn1c2cc3c(=O)n(CC(CC)CC)c(=O)c4ccc5c6c(C#CC#Cc7cc8c(=O)n(CC(CC)CC)c(=O)c9cc%10c%11c(c7c7ccc%12c(=O)n(CC(CC)CC)c(=O)c%13cc(c%11c7c%12%13)n%10CCCCCC)c89)cc7c(=O)n(CC(CC)CC)c(=O)c8cc1c(c6c78)c2c5c43,1.34,1,0.0,1.34,1.34,test
CCCCC(CC)Cc1ccc(-c2c3cc(-c4ccc(-c5sc(-c6cccs6)c6c5C(=O)c5c(CC(CC)CCCC)sc(CC(CC)CCCC)c5C6=O)s4)sc3c(-c3ccc(CC(CC)CCCC)s3)c3ccsc23)s1,CCCCC(CC)CC1(CC(CC)CCCC)c2cc(/C=C3\C(=O)c4cc(F)c(F)cc4C3=C(C#N)C#N)sc2-c2sc(-c3sc(-c4cc5c(s4)-c4sc(/C=C6\C(=O)c7cc(F)c(F)cc7C6=C(C#N)C#N)cc4C5(CC(CC)CCCC)CC(CC)CCCC)c(F)c3F)cc21,9.86,2,0.0,9.86,9.86,test
CCCCCCc1nc(-c2nc(CCCCCC)c(-c3ccc(-c4sc5c(CCCCCC)csc5c4CCCCCC)s3)s2)sc1-c1cccs1,CCCCC(=O)OCC1(c2ccccc2)C2=CC=Cc3cccc4cccc5ccc6ccccc7cccc1c7c6c5c-4c3C2,3.515,2,1.4919953083036157,2.46,4.57,test
Cc1ccc(C2CC=C(C(=O)O)C(c3ccc(C(C)(C)C)cc3)N2S(=O)(=O)c2ccc(C)cc2)cc1,CCCCC(=O)OCC1(c2ccccc2)c2cccc3cccc4cccc5cccc6cccc1c6c-5c-4c-3c2,0.7,1,0.0,0.7,0.7,test
CCCCC(CC)Cc1ccc(-c2c3cc(-c4ccc(-c5sc(-c6cccs6)c6c5C(=O)c5c(CC(CC)CCCC)sc(CC(CC)CCCC)c5C6=O)s4)sc3c(-c3ccc(CC(CC)CCCC)s3)c3ccsc23)s1,CCc1c(C=C2C(=O)c3cc(Cl)c(Cl)cc3C2=O)sc2c1sc1c3c4nsnc4c4c5sc6c(CC)c(C=C7C(=O)c8cc(Cl)c(Cl)cc8C7=O)sc6c5n(CC)c4c3n(CC)c21,7.6,1,0.0,7.6,7.6,test
